doc_id,block_type,para_id,sent_id,is_para_final,page_n,textstring_orig,textstring_rich,textstring_simple
523615,body,0,0,True,[1],Chriſtlicher Leich Sermon Bey dem Begraͤbnuß Der EhrenTugentſamen vnnd Gottſeligen Frawen Dorotheæ Reinhardin/ ſeeligen Gedaͤchtnuß/ ſo den 5. Auguſti zu Grunberg in Chriſto ſelig entſchlaffen/ vnd den 7. ſelbigen Monats im Jahr 1617. daſelbſt Chriſtlich vnd Ehrlich in der Kirchen zu S. Pauln zur Erden beſtattet worden. Gehalten vnnd auff Begehren in Truck gegeben. Durch M. Hartman. Braun Pharherꝛn daſelbſten. Gedruckt zu Gieſſen bey Caſpar Chemlin Anno 1618.,chriſtlicher leich sermon bey dem begraͤbnuß der ehrentugentſamen vnnd gottſeligen frawen dorotheæ reinhardin ſeeligen gedaͤchtnuß ſo den auguſti zu grunberg in chriſto ſelig entſchlaffen vnd den ſelbigen monats im jahr daſelbſt chriſtlich vnd ehrlich in der kirchen zu s pauln zur erden beſtattet worden gehalten vnnd auff begehren in truck gegeben durch m hartman braun pharherꝛn daſelbſten gedruckt zu gieſſen bey caſpar chemlin anno,christlicher leich sermon bey dem begrabnuss der ehrentugentsamen unnd gottseligen frawen dorotheae reinhardin seeligen gedachtnuss so den augusti zu grunberg in christo selig entschlaffen und den selbigen monats im iahr daselbst christlich und ehrlich in der kirchen zu s pauln zur erden bestattet worden gehalten unnd auff begehren in truck gegeben durch m hartman braun pharhern daselbsten gedruckt zu giessen bey caspar chemlin anno
523615,body,1,0,False,[2],Der Seligen verſtorbenen/ vnd nun im Fried ruhenden Frawen Dorotheen Reinhardin/ hinderlaſſenen Soͤhnen/ Ehemannen/ Bruͤdern vnd Schweſter Mannen/ R. & Clariſs.,der seligen verſtorbenen vnd nun im fried ruhenden frawen dorotheen reinhardin hinderlaſſenen soͤhnen ehemannen bruͤdern vnd schweſter mannen r & clariſs,der seligen uerstorbenen und nun im fried ruhenden frawen dorotheen reinhardin hinderlassenen sohnen ehemannen brudern und schwester mannen r et clariss
523615,body,1,1,False,[2],Dn. Doct.,dn doct,dn doct
523615,body,1,2,False,[2],"Henrico Eckardten, Fil.",henrico eckardten fil,henrico eckardten fil
523615,body,1,3,False,[2],"Dn. Danieli Eckardten, Fil.",dn danieli eckardten fil,dn danieli eckardten fil
523615,body,1,4,False,[2],Dn. Johanni Schnabeln hinderlaſſenen Eheman/ vnnd Witwen.,dn johanni schnabeln hinderlaſſenen eheman vnnd witwen,dn iohanni schnabeln hinderlassenen eheman unnd witwen
523615,body,1,5,False,[2],Dn. Caſparo Reinhardo frat. Not. pub.,dn caſparo reinhardo frat not pub,dn casparo reinhardo frat not pub
523615,body,1,6,False,[2],& Senat.,& senat,et senat
523615,body,1,7,True,[2],Dn. Petro Semlern/ Rhatsherꝛn/ Schweſter Mann.,dn petro semlern rhatsherꝛn schweſter mann,dn petro semlern rhatshern schwester mann
523615,body,2,0,True,[2],Samptlich vnd ſonderlichen wuͤnſchet Hartmann Braun Pharherꝛ in Grunberg/ Gottes Gnad/ Troſt vnd Reichen Segen zu zeitlicher vnd ewiger Wolfahrt.,samptlich vnd ſonderlichen wuͤnſchet hartmann braun pharherꝛ in grunberg gottes gnad troſt vnd reichen segen zu zeitlicher vnd ewiger wolfahrt,samptlich und sonderlichen wunschet hartmann braun pharher in grunberg gottes gnad trost und reichen segen zu zeitlicher und ewiger wolfahrt
523615,body,3,0,True,[3],Die Wort ſo wir zu dieſem mal bey dieſer Chriſtlichen Leich in der Furcht deß HErren anhoͤren/ behertzigen vnd betrachten wollen/ werden vns beſchrieben in der Offenbahrung S. Johannis am 14. Capitel vnnd lauten in vnſer Sprachen alſo:,die wort ſo wir zu dieſem mal bey dieſer chriſtlichen leich in der furcht deß herren anhoͤren behertzigen vnd betrachten wollen werden vns beſchrieben in der offenbahrung s johannis am capitel vnnd lauten in vnſer sprachen alſo,die wort so wir zu diesem mal bey dieser christlichen leich in der furcht dess herren anhoren behertzigen und betrachten wollen werden uns beschrieben in der offenbahrung s iohannis am capitel unnd lauten in unser sprachen also
523615,head,4,0,True,[3],Eingang.,eingang,eingang
523615,body,5,0,False,[3],WJr ſind jetzunder/ Ihr Geliebte vñ Außerwehlte in CHriſto dem HErꝛn in der Ernden Zeit/ darinnen man ſich frewet/ Eſaiæ 7. verſ. 3. Jauchtzet vnd ſinget/ Pſal. 65. verſ. 14. vnd da ſchon etliche Fromme vnnd Gottsfoͤrchtige Chriſten in der Erndte Zeit vrſache haben zu trawren/ in dem jhnen der liebe Gott einen Scheidebrieff ins Hauß ſchicket vnd mit jhnen theilet/ nimmet jhnen durch den zeitlichen Todt die liebſten an der Seiten hin weg/ vnd rucket ſie jhnen auß den Augen/ wie Judith die fromme Matron vnnd Jſraels Kron in der Erndte Zeit vrſach bekommen zutrawren vnd zuweinen/ in dem jhr Gott der HErꝛ/ der die Menſchen ſterben leſſet/ Pſal. 90. verſ. 4. jhren Mañ den Manaſſen in der Gerſten Erndte hat laſſen ſterben/ Judith cap. 8. verſ. 2. vnnd auch in dieſer Stunde fromme Gottsfoͤrchtige ehrliche Leute/ vnnd deren liebe Kinder mit maſſen Augen vnnd verhuͤlletem Angeſicht im Klage Hauß allhier ſtehen/ in deme der liebe fromme getrewe Gott/ mit vns in vnſer Chriſtlichen gemeine getheilet/ vñ eine Fromme vnnd Gottsfoͤrchtige Kinder Mutter vnnd Haußzierde/ vnd Mannes Krone/ durch den Zeitlichen Todt abgefordert/ deren hinderlaſſenen Leichnam wir zu dieſem mal Chriſtlich vnnd Ehrlich zu ſeinem Ruhbetlein bekleidet.,wjr ſind jetzunder ihr geliebte vñ außerwehlte in chriſto dem herꝛn in der ernden zeit darinnen man ſich frewet eſaiæ verſ jauchtzet vnd ſinget pſal verſ vnd da ſchon etliche fromme vnnd gottsfoͤrchtige chriſten in der erndte zeit vrſache haben zu trawren in dem jhnen der liebe gott einen scheidebrieff ins hauß ſchicket vnd mit jhnen theilet nimmet jhnen durch den zeitlichen todt die liebſten an der seiten hin weg vnd rucket ſie jhnen auß den augen wie judith die fromme matron vnnd jſraels kron in der erndte zeit vrſach bekommen zutrawren vnd zuweinen in dem jhr gott der herꝛ der die menſchen ſterben leſſet pſal verſ jhren mañ den manaſſen in der gerſten erndte hat laſſen ſterben judith cap verſ vnnd auch in dieſer stunde fromme gottsfoͤrchtige ehrliche leute vnnd deren liebe kinder mit maſſen augen vnnd verhuͤlletem angeſicht im klage hauß allhier ſtehen in deme der liebe fromme getrewe gott mit vns in vnſer chriſtlichen gemeine getheilet vñ eine fromme vnnd gottsfoͤrchtige kinder mutter vnnd haußzierde vnd mannes krone durch den zeitlichen todt abgefordert deren hinderlaſſenen leichnam wir zu dieſem mal chriſtlich vnnd ehrlich zu ſeinem ruhbetlein bekleidet,wir sind ietzunder ihr geliebte und ausserwehlte in christo dem hern in der ernden zeit darinnen man sich frewet esaiae uers iauchtzet und singet psal uers und da schon etliche fromme unnd gottsforchtige christen in der erndte zeit ursache haben zu trawren in dem ihnen der liebe gott einen scheidebrieff ins hauss schicket und mit ihnen theilet nimmet ihnen durch den zeitlichen todt die liebsten an der seiten hin weg und rucket sie ihnen auss den augen wie iudith die fromme matron unnd israels kron in der erndte zeit ursach bekommen zutrawren und zuweinen in dem ihr gott der her der die menschen sterben lesset psal uers ihren mann den manassen in der gersten erndte hat lassen sterben iudith cap uers unnd auch in dieser stunde fromme gottsforchtige ehrliche leute unnd deren liebe kinder mit massen augen unnd uerhulletem angesicht im klage hauss allhier stehen in deme der liebe fromme getrewe gott mit uns in unser christlichen gemeine getheilet und eine fromme unnd gottsforchtige kinder mutter unnd hausszierde und mannes krone durch den zeitlichen todt abgefordert deren hinderlassenen leichnam wir zu diesem mal christlich unnd ehrlich zu seinem ruhbetlein bekleidet
523615,body,5,1,False,[4],Ach/ ſo frewen ſie ſich doch/ ſie frewen ſich in GOTT dem Herrn/ vnd wiſſen ſich in GOtt dem HErꝛn zu frewen allezeit/ in Lieb vnnd im Leid/ nach der Apoſtoliſchen Vermahnung.,ach ſo frewen ſie ſich doch ſie frewen ſich in gott dem herrn vnd wiſſen ſich in gott dem herꝛn zu frewen allezeit in lieb vnnd im leid nach der apoſtoliſchen vermahnung,ach so frewen sie sich doch sie frewen sich in gott dem herrn und wissen sich in gott dem hern zu frewen allezeit in lieb unnd im leid nach der apostolischen uermahnung
523615,body,5,2,True,[4],Frewet euch in dem HErꝛn allwege/ ſie frewen ſich auff die groſſe Erndte/ die Chriſtus JEſus halten wird an dem lieben Juͤngſten Tage/ da die Außerwehlten/ als die Edle/ reine vnd feine Weitzen Koͤrnlein in die Himliſche Schewer deß ewigen Lebens/ durch die Himliſche Schnitter/ die liebe heylige Engelein vnnd Frongeiſterlein ſollen eingeſamlet werden/ wann dargegen die Gottloſen vnd Vngleubigen/ als Stroh vnd Stoppeln zuſammen gebunden/ in den Helliſchen Feweroffen ſollen geworffen werden.,frewet euch in dem herꝛn allwege ſie frewen ſich auff die groſſe erndte die chriſtus jeſus halten wird an dem lieben juͤngſten tage da die außerwehlten als die edle reine vnd feine weitzen koͤrnlein in die himliſche schewer deß ewigen lebens durch die himliſche schnitter die liebe heylige engelein vnnd frongeiſterlein ſollen eingeſamlet werden wann dargegen die gottloſen vnd vngleubigen als stroh vnd stoppeln zuſammen gebunden in den helliſchen feweroffen ſollen geworffen werden,frewet euch in dem hern allwege sie frewen sich auff die grosse erndte die christus iesus halten wird an dem lieben iungsten tage da die ausserwehlten als die edle reine und feine weitzen kornlein in die himlische schewer dess ewigen lebens durch die himlische schnitter die liebe heylige engelein unnd frongeisterlein sollen eingesamlet werden wann dargegen die gottlosen und ungleubigen als stroh und stoppeln zusammen gebunden in den hellischen feweroffen sollen geworffen werden
523615,body,6,0,True,[5],Dieſer groſſen Erndte wird gedacht in vorgeleſenen Worten/ welche wir zu dieſem mal der in Chriſto verſtorbenen Mitſchweſtern zu letzter Ehr/ vns vbrigen aber zu Lehr/ Troſt vnd Vermahnung/ in der Furcht deß HErꝛen behertzigen vnnd betrachten wollen/ darzu vns auff allen Seiten der HErꝛ der Erndte/ CHriſtus JEſus/ Gnade vnnd deß H. Geiſtes Gabe/ vmb ſeines Namens willen/ verleihen vnd geben wolle/ Amen.,dieſer groſſen erndte wird gedacht in vorgeleſenen worten welche wir zu dieſem mal der in chriſto verſtorbenen mitſchweſtern zu letzter ehr vns vbrigen aber zu lehr troſt vnd vermahnung in der furcht deß herꝛen behertzigen vnnd betrachten wollen darzu vns auff allen seiten der herꝛ der erndte chriſtus jeſus gnade vnnd deß h geiſtes gabe vmb ſeines namens willen verleihen vnd geben wolle amen,dieser grossen erndte wird gedacht in uorgelesenen worten welche wir zu diesem mal der in christo uerstorbenen mitschwestern zu letzter ehr uns ubrigen aber zu lehr trost und uermahnung in der furcht dess heren behertzigen unnd betrachten wollen darzu uns auff allen seiten der her der erndte christus iesus gnade unnd dess h geistes gabe umb seines namens willen uerleihen und geben wolle amen
523615,head,7,0,True,[5],Erklaͤrung.,erklaͤrung,erklarung
523615,body,8,0,False,[5],DJe Erklaͤrung der Worten belangendt/ Jhr Geliebte im HErꝛn Chriſto/ ſo ſpricht Johannes der Theologus alſo: Vnnd ich ſahe/ will ſagen/ Jch Johannes ein Knecht deß HErꝛen JEſu CHriſti/ ſahe im Geiſt geoffenbahret/ vnnd ſiehe/ O du Frommer Chriſt/ ſiehe du es auch/ ſiehe es mit den Augen deß Hertzens/ eine weiſſe Wolcke/ vnd auff der Wolcken ſitzen einen/ der gleich war eines Menſchen Sohn/ der hatte eine guͤldene Kron auff ſeinem Haupt/ vñ in ſeiner Hand eine ſcharpffe. Sichel.,dje erklaͤrung der worten belangendt jhr geliebte im herꝛn chriſto ſo ſpricht johannes der theologus alſo vnnd ich ſahe will ſagen jch johannes ein knecht deß herꝛen jeſu chriſti ſahe im geiſt geoffenbahret vnnd ſiehe o du frommer chriſt ſiehe du es auch ſiehe es mit den augen deß hertzens eine weiſſe wolcke vnd auff der wolcken ſitzen einen der gleich war eines menſchen sohn der hatte eine guͤldene kron auff ſeinem haupt vñ in ſeiner hand eine ſcharpffe sichel,die erklarung der worten belangendt ihr geliebte im hern christo so spricht iohannes der theologus also unnd ich sahe will sagen ich iohannes ein knecht dess heren iesu christi sahe im geist geoffenbahret unnd siehe o du frommer christ siehe du es auch siehe es mit den augen dess hertzens eine weisse wolcke und auff der wolcken sitzen einen der gleich war eines menschen sohn der hatte eine guldene kron auff seinem haupt und in seiner hand eine scharpffe sichel
523615,body,8,1,False,[5],"Per nubem candidum. durch die weiſſe Wolcke wird angedeutet die Gerechtigkeit vnnd Reinigkeit vnſers HErꝛn Chriſti/ vnd daß derſelbige ſein wolle den Frommen vnnd Gottloſen Iustus Iudex, ein gerechter Richter/ 2. Tim. 4. Deñ der hie auff der weiſſen Wolcken ſitzet/ ſimilis filio hominis, gleich eines Menſchen Sohn/ bedeutet niemands anders als den HErꝛn Chriſtum ſelber/ welchem der Vatter Macht gegeben hat das Gerichte zu halten/ darumb/ daß er deß Menſchen Sohn iſt/ Johannis 5 verſ. 27. es iſt aber doch auch derſelbige Gottes Sohn/ weil er Gottes Richtſtul beſitzen ſoll/ vnd ſeine Mayeſtet vñ Herꝛligkeit dezeuget/ aureacorona, die guͤldene Krone/ ſo er auff ſeinem Haͤupt hat/ deñ ob er wol zuvor in ſeiner Marter wochen getragen hat auream ſpineam eine dorne Krone/ Matth 26. ſo iſt er doch hernacher mit ſchmuck vnnd ehren gekroͤnet worden/ Pſalm. 8. Hebr. 2. Der Prophet Daniel ſpricht hiervon in ſeinem 7. cap. v. 13. vnd 14 alſo: Jch ſahe in dieſem Geſichte deß Nachts/ vnd ſiehe es kam einer in deß Himmels Wolcken/ wie eines Menſchen Sohn/ biß zu dem Alten/ vñ ward fuͤr denſelbigen gebracht/ der gab jhm Gewalt/ Ehre vnd Reich/ daß jhm alle Voͤlcker/ Leute vnd Zungen dienen ſolten/ ſeine Gewalt iſt ewig/ die nicht vergehet/ vnnd ſein Koͤnigreich hat kein Ende.",per nubem candidum durch die weiſſe wolcke wird angedeutet die gerechtigkeit vnnd reinigkeit vnſers herꝛn chriſti vnd daß derſelbige ſein wolle den frommen vnnd gottloſen iustus iudex ein gerechter richter tim deñ der hie auff der weiſſen wolcken ſitzet ſimilis filio hominis gleich eines menſchen sohn bedeutet niemands anders als den herꝛn chriſtum ſelber welchem der vatter macht gegeben hat das gerichte zu halten darumb daß er deß menſchen sohn iſt johannis verſ es iſt aber doch auch derſelbige gottes sohn weil er gottes richtſtul beſitzen ſoll vnd ſeine mayeſtet vñ herꝛligkeit dezeuget aureacorona die guͤldene krone ſo er auff ſeinem haͤupt hat deñ ob er wol zuvor in ſeiner marter wochen getragen hat auream ſpineam eine dorne krone matth ſo iſt er doch hernacher mit ſchmuck vnnd ehren gekroͤnet worden pſalm hebr der prophet daniel ſpricht hiervon in ſeinem cap v vnd alſo jch ſahe in dieſem geſichte deß nachts vnd ſiehe es kam einer in deß himmels wolcken wie eines menſchen sohn biß zu dem alten vñ ward fuͤr denſelbigen gebracht der gab jhm gewalt ehre vnd reich daß jhm alle voͤlcker leute vnd zungen dienen ſolten ſeine gewalt iſt ewig die nicht vergehet vnnd ſein koͤnigreich hat kein ende,per nubem candidum durch die weisse wolcke wird angedeutet die gerechtigkeit unnd reinigkeit unsers hern christi und dass derselbige sein wolle den frommen unnd gottlosen iustus iudex ein gerechter richter tim denn der hie auff der weissen wolcken sitzet similis filio hominis gleich eines menschen sohn bedeutet niemands anders als den hern christum selber welchem der uatter macht gegeben hat das gerichte zu halten darumb dass er dess menschen sohn ist iohannis uers es ist aber doch auch derselbige gottes sohn weil er gottes richtstul besitzen soll und seine mayestet und herligkeit dezeuget aureacorona die guldene krone so er auff seinem haupt hat denn ob er wol zuuor in seiner marter wochen getragen hat auream spineam eine dorne krone matth so ist er doch hernacher mit schmuck unnd ehren gekronet worden psalm hebr der prophet daniel spricht hieruon in seinem cap u und also ich sahe in diesem gesichte dess nachts und siehe es kam einer in dess himmels wolcken wie eines menschen sohn biss zu dem alten und ward fur denselbigen gebracht der gab ihm gewalt ehre und reich dass ihm alle uolcker leute und zungen dienen solten seine gewalt ist ewig die nicht uergehet unnd sein konigreich hat kein ende
523615,body,8,2,False,[6],"Per falcem acutam, durch die ſcharpffe Sichel wird angedeꝛrtet ſein ſtrenges vnd ernſtes Gericht/ welches er ſecundum verbum prædicatum nach dem gepredigten Wort exequiren/ verꝛichten vnd volfuͤhren wird.",per falcem acutam durch die ſcharpffe sichel wird angedeꝛrtet ſein ſtrenges vnd ernſtes gericht welches er ſecundum verbum prædicatum nach dem gepredigten wort exequiren verꝛichten vnd volfuͤhren wird,per falcem acutam durch die scharpffe sichel wird angedertet sein strenges und ernstes gericht welches er secundum uerbum praedicatum nach dem gepredigten wort exequiren uerichten und uolfuhren wird
523615,body,8,3,False,[6],Alſo ſahe er im erſten vnnd neuntzehenden Capitel/ daß auß ſeinem Munde gieng ein ſcharpff zweyſchneidig Schwert/ das iſt/ ſein Wort/ wie in der Epiſtel an die Hebreer am 4. geſagt wird.,alſo ſahe er im erſten vnnd neuntzehenden capitel daß auß ſeinem munde gieng ein ſcharpff zweyſchneidig schwert das iſt ſein wort wie in der epiſtel an die hebreer am geſagt wird,also sahe er im ersten unnd neuntzehenden capitel dass auss seinem munde gieng ein scharpff zweyschneidig schwert das ist sein wort wie in der epistel an die hebreer am gesagt wird
523615,body,8,4,False,[6],Durch welchs Allmechtige Krafft/ die ſo daran gleuben/ ſelig werden/ Rom 1. die aber nicht gleuben/ gericht vnd verdm̃pt werden/ wie der HErꝛ Chriſtus ſpricht Johannis am 12. verſ. 48. Wer mich verachtet vnnd nimbt meine Wort nicht auff/ der hat ſchon der jhn richtet/ das Wort/ welches ich geredt habe/ das wird jhn richten am Juͤngſten Tag.,durch welchs allmechtige krafft die ſo daran gleuben ſelig werden rom die aber nicht gleuben gericht vnd verdm̃pt werden wie der herꝛ chriſtus ſpricht johannis am verſ wer mich verachtet vnnd nimbt meine wort nicht auff der hat ſchon der jhn richtet das wort welches ich geredt habe das wird jhn richten am juͤngſten tag,durch welchs allmechtige krafft die so daran gleuben selig werden rom die aber nicht gleuben gericht und uerdmmpt werden wie der her christus spricht iohannis am uers wer mich uerachtet unnd nimbt meine wort nicht auff der hat schon der ihn richtet das wort welches ich geredt habe das wird ihn richten am iungsten tag
523615,body,8,5,False,[6],Dieſes Gerichtes begehren alle Fromme vnd Gottsfuͤrchtige Lehrer vnd Zuhoͤrer hertzlichen vnd ernſtlichen/ welches Sanct Johannes bezeuget/ wann er in nachfolgenden Worten ſpricht.,dieſes gerichtes begehren alle fromme vnd gottsfuͤrchtige lehrer vnd zuhoͤrer hertzlichen vnd ernſtlichen welches sanct johannes bezeuget wann er in nachfolgenden worten ſpricht,dieses gerichtes begehren alle fromme und gottsfurchtige lehrer und zuhorer hertzlichen und ernstlichen welches sanct iohannes bezeuget wann er in nachfolgenden worten spricht
523615,body,8,6,False,[7],Vnd ein ander Engel gieng auß dem Tempel/ vnd ſchrey mit groſſer Stim̃zu dem der auff der Wolckẽ ſaß/ ſchlage an mit deiner Sichel/ vñ erndte: Dañ einſolcher Engel iſt Johannes der Theologus ſelber/ da er am Ende ſeines Buchs/ als nemblichen im 22. cap. verſ. 20. bittet vnd ſpricht: Ja kom HErꝛ JEſu.,vnd ein ander engel gieng auß dem tempel vnd ſchrey mit groſſer stim̃zu dem der auff der wolckẽ ſaß ſchlage an mit deiner sichel vñ erndte dañ einſolcher engel iſt johannes der theologus ſelber da er am ende ſeines buchs als nemblichen im cap verſ bittet vnd ſpricht ja kom herꝛ jeſu,und ein ander engel gieng auss dem tempel und schrey mit grosser stimmzu dem der auff der wolcken sass schlage an mit deiner sichel und erndte dann einsolcher engel ist iohannes der theologus selber da er am ende seines buchs als nemblichen im cap uers bittet und spricht ia kom her iesu
523615,body,8,7,False,[7],Deßgleichen Sanct Paulus/ wann er von ſich/ vnnd allen Apoſteln/ ja von allen denen/ ſo deß Geiſtes Erſtling haben/ ſchreibet vnd ſaget in der Epiſtel an die Roͤmer am 8. c. v. 23. Wir ſehnen vns bey vns ſelbſt/ nach der Kindſchafft/ vnd warten auff vnſers LeibesErloͤſung.,deßgleichen sanct paulus wann er von ſich vnnd allen apoſteln ja von allen denen ſo deß geiſtes erſtling haben ſchreibet vnd ſaget in der epiſtel an die roͤmer am c v wir ſehnen vns bey vns ſelbſt nach der kindſchafft vnd warten auff vnſers leibeserloͤſung,dessgleichen sanct paulus wann er uon sich unnd allen aposteln ia uon allen denen so dess geistes erstling haben schreibet und saget in der epistel an die romer am c u wir sehnen uns bey uns selbst nach der kindschafft und warten auff unsers leibeserlosung
523615,body,8,8,False,[7],Vnd in der 2. Epiſtel an Timotheum am 4. cap. v. 8. da er ſchreibet vnd ſaget: Hinfort iſt mir beygelegt/ die Kron der Gerechtigkeit/ welche mir der HErꝛ an jenem Tage/ der gerechte Richter geben wird/ nit mir aber allein/ ſondern auch allen/ die ſeine Erſcheinung lieb haben.,vnd in der epiſtel an timotheum am cap v da er ſchreibet vnd ſaget hinfort iſt mir beygelegt die kron der gerechtigkeit welche mir der herꝛ an jenem tage der gerechte richter geben wird nit mir aber allein ſondern auch allen die ſeine erſcheinung lieb haben,und in der epistel an timotheum am cap u da er schreibet und saget hinfort ist mir beygelegt die kron der gerechtigkeit welche mir der her an ienem tage der gerechte richter geben wird nit mir aber allein sondern auch allen die seine erscheinung lieb haben
523615,body,8,9,False,[7],Es wollen aber die Engel/ die Engel deß Friedens/ das iſt/ alle getrewe Lehrer vnnd Prediger.,es wollen aber die engel die engel deß friedens das iſt alle getrewe lehrer vnnd prediger,es wollen aber die engel die engel dess friedens das ist alle getrewe lehrer unnd prediger
523615,body,8,10,False,[7],Malachiæ 3. Salom.,malachiæ salom,malachiae salom
523615,body,8,11,False,[7],Eccleſ. 5 Apoc. 2. vnd 3. die den Frieden Gottes predigen vnnd verkuͤndigen Eſaiæ 32. vnnd 52. Deßgleichen alle liebe Heylige vnd Gleubige/ die den Engeln Gottes ſollen gleich werden/ Matthæi 22. vnnd deren Engel/ die Himliſchen Frongeiſterlein/ allezeit ſehen das Angeſicht jhres Vatters im Himmel/ Matthæi 18. ſo viel ſprechen: O HErꝛ JEſu Chriſte du Richter aller Welt/ komme doch/ vnd mache ein Ende mit der Boßheit deß Antichriſts vnd ſeines anhangs vnd aller Gottloſen Leute/ verkuͤrtze doch die boͤſe Zeit/ erloͤſe vns/ die wir nach deinem Namen genennet ſind/ vnd vmb deines Namens Ehr vnd Lehr willen/ von den Feinden der Evangeliſchen Warheit vnnd Klarheit viel leiden vnd außſtehen muͤſſen.,eccleſ apoc vnd die den frieden gottes predigen vnnd verkuͤndigen eſaiæ vnnd deßgleichen alle liebe heylige vnd gleubige die den engeln gottes ſollen gleich werden matthæi vnnd deren engel die himliſchen frongeiſterlein allezeit ſehen das angeſicht jhres vatters im himmel matthæi ſo viel ſprechen o herꝛ jeſu chriſte du richter aller welt komme doch vnd mache ein ende mit der boßheit deß antichriſts vnd ſeines anhangs vnd aller gottloſen leute verkuͤrtze doch die boͤſe zeit erloͤſe vns die wir nach deinem namen genennet ſind vnd vmb deines namens ehr vnd lehr willen von den feinden der evangeliſchen warheit vnnd klarheit viel leiden vnd außſtehen muͤſſen,eccles apoc und die den frieden gottes predigen unnd uerkundigen esaiae unnd dessgleichen alle liebe heylige und gleubige die den engeln gottes sollen gleich werden matthaei unnd deren engel die himlischen frongeisterlein allezeit sehen das angesicht ihres uatters im himmel matthaei so uiel sprechen o her iesu christe du richter aller welt komme doch und mache ein ende mit der bossheit dess antichrists und seines anhangs und aller gottlosen leute uerkurtze doch die bose zeit erlose uns die wir nach deinem namen genennet sind und umb deines namens ehr und lehr willen uon den feinden der euangelischen warheit unnd klarheit uiel leiden und aussstehen mussen
523615,body,8,12,False,[8],Ach erloͤſe vns von allem boͤſen/ hilff vns auß dieſer argẽ boͤſen Welt in dein Ewiges Reich: Vnd warumb wolteſtu doch o du lieber frommer HErꝛ Jeſu nit bald kommen?,ach erloͤſe vns von allem boͤſen hilff vns auß dieſer argẽ boͤſen welt in dein ewiges reich vnd warumb wolteſtu doch o du lieber frommer herꝛ jeſu nit bald kommen,ach erlose uns uon allem bosen hilff uns auss dieser argen bosen welt in dein ewiges reich und warumb woltestu doch o du lieber frommer her iesu nit bald kommen
523615,body,8,13,False,[8],Denn die Zeit zu ernden iſt kommen/ vnd die Ernde der Erden iſt duͤrꝛ worden.,denn die zeit zu ernden iſt kommen vnd die ernde der erden iſt duͤrꝛ worden,denn die zeit zu ernden ist kommen und die ernde der erden ist dur worden
523615,body,8,14,False,[8],Als wolten ſie ſagen: Es iſt ja das Ende der Welt fuͤr der Thuͤr/ die beſtimbte Zeit von GOtt der Welt zugeordnet/ iſt bald außgelauffen/ alle Grewel/ Suͤnde/ Schande vnd Boßheit ſind auffs hoͤchſte kommen/ vnd gehen bey Jungen vnnd Alten ohne rewe vnd ohne ſchew in vollem ſchwang.,als wolten ſie ſagen es iſt ja das ende der welt fuͤr der thuͤr die beſtimbte zeit von gott der welt zugeordnet iſt bald außgelauffen alle grewel suͤnde schande vnd boßheit ſind auffs hoͤchſte kommen vnd gehen bey jungen vnnd alten ohne rewe vnd ohne ſchew in vollem ſchwang,als wolten sie sagen es ist ia das ende der welt fur der thur die bestimbte zeit uon gott der welt zugeordnet ist bald aussgelauffen alle grewel sunde schande und bossheit sind auffs hochste kommen und gehen bey iungen unnd alten ohne rewe und ohne schew in uollem schwang
523615,body,8,15,True,[8],Der Sathan hat all ſeinen Gifft vnd Luͤgen außgegoſſen/ daß jhm Gott nicht lenger zuſehen kan/ ſo iſt auch die Zahl der Außerwehlten vol worden/ darumb ſo kom̃ vnd ſchlage an/ hege dein Gericht/ o du Richter aller Welt/ ſamle den Weitzen in deine Schewren/ vnd werffe die Sprew in das ewige Helliſche Fewer.,der sathan hat all ſeinen gifft vnd luͤgen außgegoſſen daß jhm gott nicht lenger zuſehen kan ſo iſt auch die zahl der außerwehlten vol worden darumb ſo kom̃ vnd ſchlage an hege dein gericht o du richter aller welt ſamle den weitzen in deine schewren vnd werffe die sprew in das ewige helliſche fewer,der sathan hat all seinen gifft und lugen aussgegossen dass ihm gott nicht lenger zusehen kan so ist auch die zahl der ausserwehlten uol worden darumb so komm und schlage an hege dein gericht o du richter aller welt samle den weitzen in deine schewren und werffe die sprew in das ewige hellische fewer
523615,body,9,0,True,[8],Ach/ der Liebe Fromme HErꝛ JEſus weiß am beſten wenn es Zeit iſt/ daß er kommen ſoll/ darumb wird jhme hie keine Zeit fuͤrgeſchrieben/ ſondern er wird gebeten/ gebeten wird er/ daß er wolle zum Ende eilen/ denn die Welt in aller Boßheit gar reiffe iſt.,ach der liebe fromme herꝛ jeſus weiß am beſten wenn es zeit iſt daß er kommen ſoll darumb wird jhme hie keine zeit fuͤrgeſchrieben ſondern er wird gebeten gebeten wird er daß er wolle zum ende eilen denn die welt in aller boßheit gar reiffe iſt,ach der liebe fromme her iesus weiss am besten wenn es zeit ist dass er kommen soll darumb wird ihme hie keine zeit furgeschrieben sondern er wird gebeten gebeten wird er dass er wolle zum ende eilen denn die welt in aller bossheit gar reiffe ist
523615,body,10,0,True,[8],"Was aber die Frommen vnnd Gottsfuͤrchtigen mit ſolchem jhrem Gebet erlangen/ das zeiget S. Johannes an/ wann er ſpricht: Vnnd der auff der Wolcken ſaß/ ſchluge an mit ſeiner Sichel an die Erde/ vnd die Erde ward gerichtet/ per Metaphoram & Metonymiã, wie man in Schulen zu reden pfleget/ wurden gerichtet homines terreni, die jrdiſche Menſchen.",was aber die frommen vnnd gottsfuͤrchtigen mit ſolchem jhrem gebet erlangen das zeiget s johannes an wann er ſpricht vnnd der auff der wolcken ſaß ſchluge an mit ſeiner sichel an die erde vnd die erde ward gerichtet per metaphoram & metonymiã wie man in schulen zu reden pfleget wurden gerichtet homines terreni die jrdiſche menſchen,was aber die frommen unnd gottsfurchtigen mit solchem ihrem gebet erlangen das zeiget s iohannes an wann er spricht unnd der auff der wolcken sass schluge an mit seiner sichel an die erde und die erde ward gerichtet per metaphoram et metonymian wie man in schulen zu reden pfleget wurden gerichtet homines terreni die irdische menschen
523615,body,11,0,False,[9],Es iſt vnd heiſſet dieſes wie der Prophet Daniel ſpriche im ſeinem 7. Capitel verſ. 10. Das Gericht ward gehalten/ vnnd die Buͤcher wurden auffgethan/ Deßgleichen wie geſchrieben ſtehet/ bey dem Prophetẽ Joel am 3. cap. verſ 12. Macht euch auff jhr Heyden/ vnd ziehet zum Thal Joſaphat/ denn daſelbſt will ich ſitzen zu richten alle Heyden vmb vnnd vmb.,es iſt vnd heiſſet dieſes wie der prophet daniel ſpriche im ſeinem capitel verſ das gericht ward gehalten vnnd die buͤcher wurden auffgethan deßgleichen wie geſchrieben ſtehet bey dem prophetẽ joel am cap verſ macht euch auff jhr heyden vnd ziehet zum thal joſaphat denn daſelbſt will ich ſitzen zu richten alle heyden vmb vnnd vmb,es ist und heisset dieses wie der prophet daniel spriche im seinem capitel uers das gericht ward gehalten unnd die bucher wurden auffgethan dessgleichen wie geschrieben stehet bey dem propheten ioel am cap uers macht euch auff ihr heyden und ziehet zum thal iosaphat denn daselbst will ich sitzen zu richten alle heyden umb unnd umb
523615,body,11,1,True,[9],Schlaget die Sichel an/ deñ die Ernde iſt reiff/ kompt herab/ deñ die Kelter iſt voll/ vnd die Kelter laufft vber/ denn jhre Boßheit iſt groß.,schlaget die sichel an deñ die ernde iſt reiff kompt herab deñ die kelter iſt voll vnd die kelter laufft vber denn jhre boßheit iſt groß,schlaget die sichel an denn die ernde ist reiff kompt herab denn die kelter ist uoll und die kelter laufft uber denn ihre bossheit ist gross
523615,body,12,0,True,[9],Lehr Troſt vnd Vermahnung.,lehr troſt vnd vermahnung,lehr trost und uermahnung
523615,body,13,0,False,[9],HJe Jhr Geliebte im HErꝛn Chriſto/ wird vns bekraͤfftiget der Artickel vnſers Chriſtlichen Catholiſchen vnd Apoſtoliſchen Glaubens/ da wir mit vnſern getaufften Chriſten Kindern bekennen vnnd ſagen: Jeſus Chriſtus werde ſichtiglich wider kommen zurichten die Lebendigen vnd die Todten.,hje jhr geliebte im herꝛn chriſto wird vns bekraͤfftiget der artickel vnſers chriſtlichen catholiſchen vnd apoſtoliſchen glaubens da wir mit vnſern getaufften chriſten kindern bekennen vnnd ſagen jeſus chriſtus werde ſichtiglich wider kommen zurichten die lebendigen vnd die todten,hie ihr geliebte im hern christo wird uns bekrafftiget der artickel unsers christlichen catholischen und apostolischen glaubens da wir mit unsern getaufften christen kindern bekennen unnd sagen iesus christus werde sichtiglich wider kommen zurichten die lebendigen und die todten
523615,body,13,1,False,[9],Deñ Johannes hat jhn geſehen ſitzen auff einer weiſſen Wolcken/ deren auch Chriſtus gedencket Lucæ am 21 Deßgleichen die zween Maͤnner in weiſſen Kleydern/ darvon zu leſen iſt in den Geſchichten der Apoſteln am 1. vñ S. Petrus ſpricht in demſelbigen Buch am 10. verſ. 42. Er hat vns gebotten zu predigen dem Volck/ daß er iſt verordnet von GOtt ein Richter aller Lebendigen vnnd der Todten.,deñ johannes hat jhn geſehen ſitzen auff einer weiſſen wolcken deren auch chriſtus gedencket lucæ am deßgleichen die zween maͤnner in weiſſen kleydern darvon zu leſen iſt in den geſchichten der apoſteln am vñ s petrus ſpricht in demſelbigen buch am verſ er hat vns gebotten zu predigen dem volck daß er iſt verordnet von gott ein richter aller lebendigen vnnd der todten,denn iohannes hat ihn gesehen sitzen auff einer weissen wolcken deren auch christus gedencket lucae am dessgleichen die zween manner in weissen kleydern daruon zu lesen ist in den geschichten der aposteln am und s petrus spricht in demselbigen buch am uers er hat uns gebotten zu predigen dem uolck dass er ist uerordnet uon gott ein richter aller lebendigen unnd der todten
523615,body,13,2,False,[9],So ſchreibet vnnd ſaget S. Paulus in der 2. Epiſtel an die Corinther am 5. v. 10. Wir muͤſſen alle offenbar werden fuͤr dem Richterſtul Chriſti/ auff daß ein jeglicher empfahe nach dem er gehandelt hat/ bey Leibs leben/ es ſey gut oder boͤß.,so ſchreibet vnnd ſaget s paulus in der epiſtel an die corinther am v wir muͤſſen alle offenbar werden fuͤr dem richterſtul chriſti auff daß ein jeglicher empfahe nach dem er gehandelt hat bey leibs leben es ſey gut oder boͤß,so schreibet unnd saget s paulus in der epistel an die corinther am u wir mussen alle offenbar werden fur dem richterstul christi auff dass ein ieglicher empfahe nach dem er gehandelt hat bey leibs leben es sey gut oder boss
523615,body,13,3,True,[10],Gleich wie aber der Tag deß HErꝛn allen Gleubigen troͤſtlich iſt/ alſo iſt er dargegen allen Gottloſen vnd Vngleubigen erſchrecklich.,gleich wie aber der tag deß herꝛn allen gleubigen troͤſtlich iſt alſo iſt er dargegen allen gottloſen vnd vngleubigen erſchrecklich,gleich wie aber der tag dess hern allen gleubigen trostlich ist also ist er dargegen allen gottlosen und ungleubigen erschrecklich
523615,body,14,0,False,[10],1. Wegen der Perſon deß Richters/ der da iſt vnnd heiſſet Jeſus Chriſtus/ Gottes vnd Marien Sohn.,wegen der perſon deß richters der da iſt vnnd heiſſet jeſus chriſtus gottes vnd marien sohn,wegen der person dess richters der da ist unnd heisset iesus christus gottes und marien sohn
523615,body,14,1,False,[10],Der/ der wird das Gerichte halten als deß Menſchen Sohn/ Johannis am 5. vnnd als der Mann/ in welchem es GOtt beſchloſſen hat/ Actor. 17. verſ. 31. Wann wir dann nun vom Juͤngſten Tag hoͤren reden vnd predigen/ ſo ſollen vnd werden wir vns von Hertzen frewen/ daß deß Menſchen Sohn/ das iſt/ vnſer liebſter vnnd trewſter Blutsfreund/ ja vnſer leiblicher Bruder/ zu dem wir vns nichts anders/ denn eitel Bruͤderlicher Liebe vnd Trewe zuverſehen haben/ das Gerichte halten werde.,der der wird das gerichte halten als deß menſchen sohn johannis am vnnd als der mann in welchem es gott beſchloſſen hat actor verſ wann wir dann nun vom juͤngſten tag hoͤren reden vnd predigen ſo ſollen vnd werden wir vns von hertzen frewen daß deß menſchen sohn das iſt vnſer liebſter vnnd trewſter blutsfreund ja vnſer leiblicher bruder zu dem wir vns nichts anders denn eitel bruͤderlicher liebe vnd trewe zuverſehen haben das gerichte halten werde,der der wird das gerichte halten als dess menschen sohn iohannis am unnd als der mann in welchem es gott beschlossen hat actor uers wann wir dann nun uom iungsten tag horen reden und predigen so sollen und werden wir uns uon hertzen frewen dass dess menschen sohn das ist unser liebster unnd trewster blutsfreund ia unser leiblicher bruder zu dem wir uns nichts anders denn eitel bruderlicher liebe und trewe zuuersehen haben das gerichte halten werde
523615,body,14,2,True,[10],Die Gottloſen vnd Vngleubigen aber erſchrecken vnd muͤſſen erſchrecken wz ſie hoͤren/ dz erſchrecket ſie/ ſtehet geſchrieben im Buch Job am 15. vnd dz einer ſo verzagt iſt/ dz macht ſeine eigene Boßheit/ die jhn vberzeugt vnd verdampt/ ſtehetgeſchrieben im Buch der Weißheit am 17. c.,die gottloſen vnd vngleubigen aber erſchrecken vnd muͤſſen erſchrecken wz ſie hoͤren dz erſchrecket ſie ſtehet geſchrieben im buch job am vnd dz einer ſo verzagt iſt dz macht ſeine eigene boßheit die jhn vberzeugt vnd verdampt ſtehetgeſchrieben im buch der weißheit am c,die gottlosen und ungleubigen aber erschrecken und mussen erschrecken wz sie horen dz erschrecket sie stehet geschrieben im buch iob am und dz einer so uerzagt ist dz macht seine eigene bossheit die ihn uberzeugt und uerdampt stehetgeschrieben im buch der weissheit am c
523615,body,15,0,False,[10],2. Wegen der groſſen Mayeſtet vnd Herꝛligkeit.,wegen der groſſen mayeſtet vnd herꝛligkeit,wegen der grossen mayestet und herligkeit
523615,body,15,1,False,[10],Denn er in den Wolcken deß Himmels kommen wird mit groſſer Krafft vnd Herꝛligkeit/ vnd alle heylige Engel mit jhm/ Matthæi 25. 26. Marci 13. Er wird kommen mit einem Feldgeſchrey/ vnd Stimme deß Ertzengels/ vnd mit der Poſaunen Gottes ernider vom Himmel/ ſamptden Engeln ſeiner Krafft/ vnnd mit Fewerflammen/ Rach zugeben vber die/ ſo nicht gehorſam ſind dem Evangelio/ vnſers HErꝛn.,denn er in den wolcken deß himmels kommen wird mit groſſer krafft vnd herꝛligkeit vnd alle heylige engel mit jhm matthæi marci er wird kommen mit einem feldgeſchrey vnd stimme deß ertzengels vnd mit der poſaunen gottes ernider vom himmel ſamptden engeln ſeiner krafft vnnd mit fewerflammen rach zugeben vber die ſo nicht gehorſam ſind dem evangelio vnſers herꝛn,denn er in den wolcken dess himmels kommen wird mit grosser krafft und herligkeit und alle heylige engel mit ihm matthaei marci er wird kommen mit einem feldgeschrey und stimme dess ertzengels und mit der posaunen gottes ernider uom himmel samptden engeln seiner krafft unnd mit fewerflammen rach zugeben uber die so nicht gehorsam sind dem euangelio unsers hern
523615,body,15,2,False,[10],"Jeſu Chriſti/ welche werden Pein leiden/ das ewige verderben/ von dem Angeſicht deß HErꝛn/ vnnd von ſeiner Herꝛlichen Macht/ 2. Theſſ. 1. v. 78. man wird da ſehen die Geſtalt deß Sohns/ welche er jhme durch das Geheimnuß der Menſchwerdung vereiniget/ in groſſer Klarheit/ wie der Alte Lehrer Auguſtinus ſpricht/ welches proſper anzeigt im 337. Sententz/ ipſa (forma) erit Iudex, quæ ſub judice ſtetit, ipſa judicabit quæ judicata eſt, ut videam impi ejus gloriom in cujus manſuetudinem fremuerunt.",jeſu chriſti welche werden pein leiden das ewige verderben von dem angeſicht deß herꝛn vnnd von ſeiner herꝛlichen macht theſſ v man wird da ſehen die geſtalt deß sohns welche er jhme durch das geheimnuß der menſchwerdung vereiniget in groſſer klarheit wie der alte lehrer auguſtinus ſpricht welches proſper anzeigt im sententz ipſa forma erit iudex quæ ſub judice ſtetit ipſa judicabit quæ judicata eſt ut videam impi ejus gloriom in cujus manſuetudinem fremuerunt,iesu christi welche werden pein leiden das ewige uerderben uon dem angesicht dess hern unnd uon seiner herlichen macht thess u man wird da sehen die gestalt dess sohns welche er ihme durch das geheimnuss der menschwerdung uereiniget in grosser klarheit wie der alte lehrer augustinus spricht welches prosper anzeigt im sententz ipsa forma erit iudex quae sub iudice stetit ipsa iudicabit quae iudicata est ut uideam impi eius gloriom in cuius mansuetudinem fremuerunt
523615,body,15,3,False,[11],Das iſt/ dieſelbige (Natur) wird ſein der Richter/ welche vnter dem Richter geſtanden/ dieſe wird richten/ welche gericht worden iſt/ auff daß die Gottloſen ſehen ſeine Herꝛligkeit/ in deſſen Sanfftmuht ſie getobet haben.,das iſt dieſelbige natur wird ſein der richter welche vnter dem richter geſtanden dieſe wird richten welche gericht worden iſt auff daß die gottloſen ſehen ſeine herꝛligkeit in deſſen sanfftmuht ſie getobet haben,das ist dieselbige natur wird sein der richter welche unter dem richter gestanden diese wird richten welche gericht worden ist auff dass die gottlosen sehen seine herligkeit in dessen sanfftmuht sie getobet haben
523615,body,15,4,True,[11],Ein ſolcher Richter wird erſcheinen/ wie er kan erkandt werden/ beydes von denen/ die er wird kroͤnen/ vnd auch von denen/ die er wird verdammen.,ein ſolcher richter wird erſcheinen wie er kan erkandt werden beydes von denen die er wird kroͤnen vnd auch von denen die er wird verdammen,ein solcher richter wird erscheinen wie er kan erkandt werden beydes uon denen die er wird kronen und auch uon denen die er wird uerdammen
523615,body,16,0,False,[11],3. Wegen den Bilder vnnd Gleichnuſſen/ denn Johannes hat jhn geſehen auff ſeinem Haupte haben vnnd tragen eine guͤldene Kron/ darmit angedeutet wird/ das er iſt vnſer Koͤnig/ der vns hilfft/ Eſaiæ 33. verſ. 23. vnd den wir ſchen werden in ſeiner ſchoͤne/ verſ. 17. vnnd das er iſt vnſer Hoherprieſter/ Hebr. 3. 5. 7. vnnd 9. der vns bey Gott ſeinem Himliſchen Vatter vertrit vnd verbit/ Rom. 8. 1. Johan. 2. Welcher auch vns gemacht hat fuͤr Gott vnd ſeinem Vatter zu Koͤnigen vnd Prieſtern/ Apoc. 1. verſ. 6 das iſt/ zu vberwinden vnd herſchen vber alle Helliſche Feinde/ vnd daß wir Gott opffern Gebet vnd Danck ſagung fuͤr alle Gut vnnd Wolthaten/ wie S. Petrus ſchreibet vnd ſaget/ in ſeiner 1. Epiſtel am 2. verſ. 9. Jhr ſeid das Außerwelte Geſchlecht/ das Koͤnigliche Prieſterthumb/ das heylige Volck/ das Volck deß Eygenthumbs/ daß jhr verkuͤndigen ſolt die Tugent deß/ der euch beruffen hat von der Finſternuß/ zu ſeinem wunderbahren Liecht.,wegen den bilder vnnd gleichnuſſen denn johannes hat jhn geſehen auff ſeinem haupte haben vnnd tragen eine guͤldene kron darmit angedeutet wird das er iſt vnſer koͤnig der vns hilfft eſaiæ verſ vnd den wir ſchen werden in ſeiner ſchoͤne verſ vnnd das er iſt vnſer hoherprieſter hebr vnnd der vns bey gott ſeinem himliſchen vatter vertrit vnd verbit rom johan welcher auch vns gemacht hat fuͤr gott vnd ſeinem vatter zu koͤnigen vnd prieſtern apoc verſ das iſt zu vberwinden vnd herſchen vber alle helliſche feinde vnd daß wir gott opffern gebet vnd danck ſagung fuͤr alle gut vnnd wolthaten wie s petrus ſchreibet vnd ſaget in ſeiner epiſtel am verſ jhr ſeid das außerwelte geſchlecht das koͤnigliche prieſterthumb das heylige volck das volck deß eygenthumbs daß jhr verkuͤndigen ſolt die tugent deß der euch beruffen hat von der finſternuß zu ſeinem wunderbahren liecht,wegen den bilder unnd gleichnussen denn iohannes hat ihn gesehen auff seinem haupte haben unnd tragen eine guldene kron darmit angedeutet wird das er ist unser konig der uns hilfft esaiae uers und den wir schen werden in seiner schone uers unnd das er ist unser hoherpriester hebr unnd der uns bey gott seinem himlischen uatter uertrit und uerbit rom iohan welcher auch uns gemacht hat fur gott und seinem uatter zu konigen und priestern apoc uers das ist zu uberwinden und herschen uber alle hellische feinde und dass wir gott opffern gebet und danck sagung fur alle gut unnd wolthaten wie s petrus schreibet und saget in seiner epistel am uers ihr seid das ausserwelte geschlecht das konigliche priesterthumb das heylige uolck das uolck dess eygenthumbs dass ihr uerkundigen solt die tugent dess der euch beruffen hat uon der finsternuss zu seinem wunderbahren liecht
523615,body,16,1,False,[11],Vnd am Juͤngſten Tage werden wir empfahen ein Herꝛliches Kleid/ vnnd eine ſchoͤne Krone von der Hand deß HErꝛn/ als geſchrieben ſtehet in dem Buch der Weißheit am 5. verſ. 17. empfahen werden wir die Krone deß Lebens/ welche Gott verheiſſen hat denen/ die jhn lieb haben/ als geſchrieben ſtehet in der Epiſtel S. Jacobi am 1. cap. verſ. 12. vnd wir werden jhn im Himmelloben vnd preiſen ewiglich/ darvon geſchrieben ſtehet in der Offenbahrung S. Johannis am 19. c alſo: Jch hoͤrete eine Stimme groſſer Scharen im Himmel die ſprachen/ Halleluja/ Heil vnd Preiß/ Ehr vnd Krafft ſey Gott vnſerm HErꝛn/ denn warhafftig vnd gerecht ſind ſeine Gerichte/ ſo ſpricht David im 89. Pſalm: Jch wil ſingen von der Gnade deß HErꝛen ewiglich/ vnd ſeine Warheit verkuͤndigen mit meinem Munde fuͤr vnd fuͤr.,vnd am juͤngſten tage werden wir empfahen ein herꝛliches kleid vnnd eine ſchoͤne krone von der hand deß herꝛn als geſchrieben ſtehet in dem buch der weißheit am verſ empfahen werden wir die krone deß lebens welche gott verheiſſen hat denen die jhn lieb haben als geſchrieben ſtehet in der epiſtel s jacobi am cap verſ vnd wir werden jhn im himmelloben vnd preiſen ewiglich darvon geſchrieben ſtehet in der offenbahrung s johannis am c alſo jch hoͤrete eine stimme groſſer scharen im himmel die ſprachen halleluja heil vnd preiß ehr vnd krafft ſey gott vnſerm herꝛn denn warhafftig vnd gerecht ſind ſeine gerichte ſo ſpricht david im pſalm jch wil ſingen von der gnade deß herꝛen ewiglich vnd ſeine warheit verkuͤndigen mit meinem munde fuͤr vnd fuͤr,und am iungsten tage werden wir empfahen ein herliches kleid unnd eine schone krone uon der hand dess hern als geschrieben stehet in dem buch der weissheit am uers empfahen werden wir die krone dess lebens welche gott uerheissen hat denen die ihn lieb haben als geschrieben stehet in der epistel s iacobi am cap uers und wir werden ihn im himmelloben und preisen ewiglich daruon geschrieben stehet in der offenbahrung s iohannis am c also ich horete eine stimme grosser scharen im himmel die sprachen halleluia heil und preiss ehr und krafft sey gott unserm hern denn warhafftig und gerecht sind seine gerichte so spricht dauid im psalm ich wil singen uon der gnade dess heren ewiglich und seine warheit uerkundigen mit meinem munde fur und fur
523615,body,16,2,False,[12],"Auguſtinus ſpricht/ ſonunt ibi ſemper melliflua hymnorum organa, ſuavißima angelorum melodia, cantica canticorum mira, quæ ad gloriam Dei àſupernis civibus decantantur.",auguſtinus ſpricht ſonunt ibi ſemper melliflua hymnorum organa ſuavißima angelorum melodia cantica canticorum mira quæ ad gloriam dei àſupernis civibus decantantur,augustinus spricht sonunt ibi semper melliflua hymnorum organa suauissima angelorum melodia cantica canticorum mira quae ad gloriam dei asupernis ciuibus decantantur
523615,body,16,3,False,[12],Das iſt/ dort klingen jmmerdar die liebliche Orgeln vnd Jnſtrument/ da hoͤret man die aller ſuͤſſeſte Cantoren vnd Melodey der H. Engeln/ da erſchallen die allerherꝛlichſte vnd fuͤrtrefflichſten Lieder/ welche die Himliſche Buͤrger zum Lob/ Ehr vnd Preiß/ mit froͤlicher vnnd ſuͤſſer Stimme daher ſingen/ aber die Gottloſen ſind ein grewel vnd ſchewel allem Fleiſch/ Eſaiæ 66. vnd alle Gottloſſen vnd Verdampten werden vber der Außerwehlten Ehre/ Frewde/ Herꝛligkeit vnd Seligkeit ſehr erſchrecken/ als geſchrieben ſtehet im Buch der Weißheit am 5. Sie werden heulen vnd zeenklappen/ Matthæi 8. vnd 22. ruffen vnd ſchreyen: O jhr Huͤgel fallet vber vns/ vnd jhr Berge bedecket vns/ fuͤr dem Angeſicht deß/ der auff dem Stuel ſitzet/ vnd fuͤr dem Zorn deß Lambs/ denn es iſt kommen der groſſe Tag ſeines Zorns/ vnd wer kan beſtehen?,das iſt dort klingen jmmerdar die liebliche orgeln vnd jnſtrument da hoͤret man die aller ſuͤſſeſte cantoren vnd melodey der h engeln da erſchallen die allerherꝛlichſte vnd fuͤrtrefflichſten lieder welche die himliſche buͤrger zum lob ehr vnd preiß mit froͤlicher vnnd ſuͤſſer stimme daher ſingen aber die gottloſen ſind ein grewel vnd ſchewel allem fleiſch eſaiæ vnd alle gottloſſen vnd verdampten werden vber der außerwehlten ehre frewde herꝛligkeit vnd seligkeit ſehr erſchrecken als geſchrieben ſtehet im buch der weißheit am sie werden heulen vnd zeenklappen matthæi vnd ruffen vnd ſchreyen o jhr huͤgel fallet vber vns vnd jhr berge bedecket vns fuͤr dem angeſicht deß der auff dem stuel ſitzet vnd fuͤr dem zorn deß lambs denn es iſt kommen der groſſe tag ſeines zorns vnd wer kan beſtehen,das ist dort klingen immerdar die liebliche orgeln und instrument da horet man die aller susseste cantoren und melodey der h engeln da erschallen die allerherlichste und furtrefflichsten lieder welche die himlische burger zum lob ehr und preiss mit frolicher unnd susser stimme daher singen aber die gottlosen sind ein grewel und schewel allem fleisch esaiae und alle gottlossen und uerdampten werden uber der ausserwehlten ehre frewde herligkeit und seligkeit sehr erschrecken als geschrieben stehet im buch der weissheit am sie werden heulen und zeenklappen matthaei und ruffen und schreyen o ihr hugel fallet uber uns und ihr berge bedecket uns fur dem angesicht dess der auff dem stuel sitzet und fur dem zorn dess lambs denn es ist kommen der grosse tag seines zorns und wer kan bestehen
523615,body,16,4,True,[12],Apoc. 6.,apoc,apoc
523615,body,17,0,False,[12],Es hat jhn auch Sanct Johannes geſehen als einen Schnitter in der Ernde mit einer ſcharpffen Sichel/ ſo zu grund mitnimbt/ was ſie faſſet vnd erwiſchet/ darinnen vnd darmit freylichen verglichen wird das Juͤngſte Gericht vnd der Welt Ende/ wie auch Matthæi am 13. da der HErꝛ Chriſtus ein Gleichnuß gibt von dem Vnkraut/ das der Feind vnter den Weitzen geſeet hat/ welches der Haußherꝛ mit wachſen leſſet/ biß zur Ernde/ vnnd legt das Gleichnuß ſelber darnach auß/ deß Menſchen Sohn iſts/ der da guten Samen ſeet/ der Acker iſt die Welt/ der gute Same ſind die Kinder deß Reichs/ das Vnkraut ſind die Kinder der Boßheit/ der Feind der ſie ſeet/ iſt der Teuffel.,es hat jhn auch sanct johannes geſehen als einen schnitter in der ernde mit einer ſcharpffen sichel ſo zu grund mitnimbt was ſie faſſet vnd erwiſchet darinnen vnd darmit freylichen verglichen wird das juͤngſte gericht vnd der welt ende wie auch matthæi am da der herꝛ chriſtus ein gleichnuß gibt von dem vnkraut das der feind vnter den weitzen geſeet hat welches der haußherꝛ mit wachſen leſſet biß zur ernde vnnd legt das gleichnuß ſelber darnach auß deß menſchen sohn iſts der da guten samen ſeet der acker iſt die welt der gute same ſind die kinder deß reichs das vnkraut ſind die kinder der boßheit der feind der ſie ſeet iſt der teuffel,es hat ihn auch sanct iohannes gesehen als einen schnitter in der ernde mit einer scharpffen sichel so zu grund mitnimbt was sie fasset und erwischet darinnen und darmit freylichen uerglichen wird das iungste gericht und der welt ende wie auch matthaei am da der her christus ein gleichnuss gibt uon dem unkraut das der feind unter den weitzen geseet hat welches der haussher mit wachsen lesset biss zur ernde unnd legt das gleichnuss selber darnach auss dess menschen sohn ists der da guten samen seet der acker ist die welt der gute same sind die kinder dess reichs das unkraut sind die kinder der bossheit der feind der sie seet ist der teuffel
523615,body,17,1,False,[13],Die Ernde iſt das Ende der Welt/ die Schnitter ſind die Engel.,die ernde iſt das ende der welt die schnitter ſind die engel,die ernde ist das ende der welt die schnitter sind die engel
523615,body,17,2,False,[13],Gleich wie man nun das Vnkraut außgetet/ vñ mit wer verbrennet/ ſo wirds auch am Ende dieſer Welt gehen.,gleich wie man nun das vnkraut außgetet vñ mit wer verbrennet ſo wirds auch am ende dieſer welt gehen,gleich wie man nun das unkraut aussgetet und mit wer uerbrennet so wirds auch am ende dieser welt gehen
523615,body,17,3,True,[13],Deß Menſchen Sohn wird ſeine Engel ſenden/ vnd ſie werden ſamlen auß ſeinem Reich alle Ergernuſſe/ vnd die da vnrecht thun/ vnd werden ſie in den Feweroffen werffen/ da wird ſein heulen vnd zeenklappen/ denn werden die Gerechten leuchten/ wie die Sonne in jhres Vatters Reich.,deß menſchen sohn wird ſeine engel ſenden vnd ſie werden ſamlen auß ſeinem reich alle ergernuſſe vnd die da vnrecht thun vnd werden ſie in den feweroffen werffen da wird ſein heulen vnd zeenklappen denn werden die gerechten leuchten wie die sonne in jhres vatters reich,dess menschen sohn wird seine engel senden und sie werden samlen auss seinem reich alle ergernusse und die da unrecht thun und werden sie in den feweroffen werffen da wird sein heulen und zeenklappen denn werden die gerechten leuchten wie die sonne in ihres uatters reich
523615,body,18,0,True,[13],Johannes der Teuffer gibt Chriſto dem Richter eine ſcharpffe Axt in die Hand/ damit er die vnfruchtbaren Baͤume vmbhawen/ vnd eine Worffſchauffel/ mit welcher er ſeine Tenne fegen wird/ vnd den Weitzen in ſeine Schewern ſamlen/ aber die Sprew mit ewigem Fewer verbrennen/ Matthæi 3. v. 10. vnd 12.,johannes der teuffer gibt chriſto dem richter eine ſcharpffe axt in die hand damit er die vnfruchtbaren baͤume vmbhawen vnd eine worffſchauffel mit welcher er ſeine tenne fegen wird vnd den weitzen in ſeine schewern ſamlen aber die sprew mit ewigem fewer verbrennen matthæi v vnd,iohannes der teuffer gibt christo dem richter eine scharpffe axt in die hand damit er die unfruchtbaren baume umbhawen und eine worffschauffel mit welcher er seine tenne fegen wird und den weitzen in seine schewern samlen aber die sprew mit ewigem fewer uerbrennen matthaei u und
523615,body,19,0,False,[13],"Nun dieſer groſſen Ernde vnd Juͤngſten Tages frewen vnd troͤſten ſich die Frommen vnd Gottofoͤrchtigen/ dieweil als deñ ſein wird dies liberationis, der Tag der Erloͤſung/ Lucæ 21. da die Gleubigen gentzlichen vnnd volkomlichen werden erloͤſet werden auß aller Noth/ darumb ſie bitten/ Pſalm. 25. Matth. 6. Luc. 11. dies congregationis, der Tag der Verſamblung/ da der HErꝛ der Ernde/ Chriſtus Jeſus zu ſeinen Schnittern/ den H. Engeln ſprechen wird/ als geſchrieben ſtehet im 50. Pſalm. v. 5. Congregate mihi ſanctos meos, verſamlet mit mine Heylige/ dies reſtitutionis, der Tag der Widererſtattung alles Dinges/ Actor. 3. Wer vmb meinet willen/ vnnd vmb deß Evangelij willen verleſt/ Bruͤder vnnd Schweſtern/ Vatter vnnd Mutter/ Weib vnnd Kinder/ Hauß vnnd Acker/ der wirds in der zukuͤnfftigen Welt hundertfeltig empfahen/ vnnd das Ewige Leben erlangen/ ſpricht CHRJ STVS/ Matthæi 19. vnnd Marci am 10. Es werden da Eltern vnnd Kinder/ Schweſter vnnd Bruͤder/ gute Nachtbarn vnnd Freunde/ die hie durch den Todt voneinander ſind geſcheiden worden/ einander wieder werden/ wie zum Vorbilde deſſen Jairus ſein Toͤchterlein/ Matthæi 9. die Witwe zu Nain jhren Sohn/ Lucæ 7. Die Schweſtern Lazari/ Martha vnd Maria zu Bethanien/ jhren Bruder Lazarum widervmb bekommen haben/ Johannis 11. dies refactionis, der Tag der Erquickung vnd Sterckung.",nun dieſer groſſen ernde vnd juͤngſten tages frewen vnd troͤſten ſich die frommen vnd gottofoͤrchtigen dieweil als deñ ſein wird dies liberationis der tag der erloͤſung lucæ da die gleubigen gentzlichen vnnd volkomlichen werden erloͤſet werden auß aller noth darumb ſie bitten pſalm matth luc dies congregationis der tag der verſamblung da der herꝛ der ernde chriſtus jeſus zu ſeinen schnittern den h engeln ſprechen wird als geſchrieben ſtehet im pſalm v congregate mihi ſanctos meos verſamlet mit mine heylige dies reſtitutionis der tag der widererſtattung alles dinges actor wer vmb meinet willen vnnd vmb deß evangelij willen verleſt bruͤder vnnd schweſtern vatter vnnd mutter weib vnnd kinder hauß vnnd acker der wirds in der zukuͤnfftigen welt hundertfeltig empfahen vnnd das ewige leben erlangen ſpricht chrj stvs matthæi vnnd marci am es werden da eltern vnnd kinder schweſter vnnd bruͤder gute nachtbarn vnnd freunde die hie durch den todt voneinander ſind geſcheiden worden einander wieder werden wie zum vorbilde deſſen jairus ſein toͤchterlein matthæi die witwe zu nain jhren sohn lucæ die schweſtern lazari martha vnd maria zu bethanien jhren bruder lazarum widervmb bekommen haben johannis dies refactionis der tag der erquickung vnd sterckung,nun dieser grossen ernde und iungsten tages frewen und trosten sich die frommen und gottoforchtigen dieweil als denn sein wird dies liberationis der tag der erlosung lucae da die gleubigen gentzlichen unnd uolkomlichen werden erloset werden auss aller noth darumb sie bitten psalm matth luc dies congregationis der tag der uersamblung da der her der ernde christus iesus zu seinen schnittern den h engeln sprechen wird als geschrieben stehet im psalm u congregate mihi sanctos meos uersamlet mit mine heylige dies restitutionis der tag der widererstattung alles dinges actor wer umb meinet willen unnd umb dess euangelii willen uerlest bruder unnd schwestern uatter unnd mutter weib unnd kinder hauss unnd acker der wirds in der zukunfftigen welt hundertfeltig empfahen unnd das ewige leben erlangen spricht chri stus matthaei unnd marci am es werden da eltern unnd kinder schwester unnd bruder gute nachtbarn unnd freunde die hie durch den todt uoneinander sind gescheiden worden einander wieder werden wie zum uorbilde dessen iairus sein tochterlein matthaei die witwe zu nain ihren sohn lucae die schwestern lazari martha und maria zu bethanien ihren bruder lazarum widerumb bekommen haben iohannis dies refactionis der tag der erquickung und sterckung
523615,body,19,1,True,[14],"Die Erloͤſeten deß HErꝛn werden wider kommen/ vnd gen Zion kommen mit jauchtzen/ ewige Frewde wird vber jhrem Haupt ſein/ Frewde vnd Wonne werden ſie ergreiffen/ vnd Schmertz vnd Seufftzen wird weg muſſen/ Eſaiæ 35. v. 10 GOTT wird abwiſchen alle Threnen von jhren Augen/ vnnd der Todt wird nicht mehr ſein/ noch Leyd/ noch Geſchrey/ noch Schmertzen wird mehr ſein/ denn das erſte iſt vergangen/ ſpricht die Himliſche Stimm/ Apoc. 21. verſ. 4. Wir werden da haben Sabbathum ex Sabbatho, eine Ruhe vnnd Feyertag an dem andern/ Eſaiæ 66. v. 23. Dies hic bonus est amandus propter coronam, ſpricht Auguſtinus.",die erloͤſeten deß herꝛn werden wider kommen vnd gen zion kommen mit jauchtzen ewige frewde wird vber jhrem haupt ſein frewde vnd wonne werden ſie ergreiffen vnd schmertz vnd seufftzen wird weg muſſen eſaiæ v gott wird abwiſchen alle threnen von jhren augen vnnd der todt wird nicht mehr ſein noch leyd noch geſchrey noch schmertzen wird mehr ſein denn das erſte iſt vergangen ſpricht die himliſche stimm apoc verſ wir werden da haben sabbathum ex sabbatho eine ruhe vnnd feyertag an dem andern eſaiæ v dies hic bonus est amandus propter coronam ſpricht auguſtinus,die erloseten dess hern werden wider kommen und gen zion kommen mit iauchtzen ewige frewde wird uber ihrem haupt sein frewde und wonne werden sie ergreiffen und schmertz und seufftzen wird weg mussen esaiae u gott wird abwischen alle threnen uon ihren augen unnd der todt wird nicht mehr sein noch leyd noch geschrey noch schmertzen wird mehr sein denn das erste ist uergangen spricht die himlische stimm apoc uers wir werden da haben sabbathum ex sabbatho eine ruhe unnd feyertag an dem andern esaiae u dies hic bonus est amandus propter coronam spricht augustinus
523615,body,20,0,False,[14],"Alle Fromme vnnd Gottsfuͤrchtige haben ein hertzliches verlangen nach der groſſen Ernde deß HERRN vnnd dem lieben Juͤngſten Tage/ ſiebeten vnnd ſprechen auß dem 17. Pſalmen: Surge Domine, HErꝛ mache dich auff vnd erꝛette vnſere Seelen von den Gottloſen mit deinem Schwert/ von den Leuten deiner Hand/ HERR von den Leuten dieſer Welt.",alle fromme vnnd gottsfuͤrchtige haben ein hertzliches verlangen nach der groſſen ernde deß herrn vnnd dem lieben juͤngſten tage ſiebeten vnnd ſprechen auß dem pſalmen surge domine herꝛ mache dich auff vnd erꝛette vnſere seelen von den gottloſen mit deinem schwert von den leuten deiner hand herr von den leuten dieſer welt,alle fromme unnd gottsfurchtige haben ein hertzliches uerlangen nach der grossen ernde dess herrn unnd dem lieben iungsten tage siebeten unnd sprechen auss dem psalmen surge domine her mache dich auff und erette unsere seelen uon den gottlosen mit deinem schwert uon den leuten deiner hand herr uon den leuten dieser welt
523615,body,20,1,False,[15],"Vnd auß dem 94. Pſalmen/ Deus ultionum Iehova appae, Herr Gott deß die Rache iſt/ Gott deß die Rache iſt/ erſcheine.",vnd auß dem pſalmen deus ultionum iehova appae herr gott deß die rache iſt gott deß die rache iſt erſcheine,und auss dem psalmen deus ultionum iehoua appae herr gott dess die rache ist gott dess die rache ist erscheine
523615,body,20,2,False,[15],Erhebe dich du Richter der Welt/ vergilt den hoffertigen was ſie verdienen.,erhebe dich du richter der welt vergilt den hoffertigen was ſie verdienen,erhebe dich du richter der welt uergilt den hoffertigen was sie uerdienen
523615,body,20,3,False,[15],HERR/ wie lange ſollen die Gottloſen pralen/ vnnd ſo trotzglich reden/ vnnd alle Vbelthaͤter ſich ſo rhuͤmen?,herr wie lange ſollen die gottloſen pralen vnnd ſo trotzglich reden vnnd alle vbelthaͤter ſich ſo rhuͤmen,herr wie lange sollen die gottlosen pralen unnd so trotzglich reden unnd alle ubelthater sich so rhumen
523615,body,20,4,True,[15],"Alle rechtſchaffene Chriſten vnnd Chriſten Kinder/ ſo da verleugnen das vngoͤttliche Weſen/ vnd die Weltliche Luͤſten/ die da gerecht (gegen dem Nechſten/) zuͤchtig (gegen ſich ſelbſt) vnnd GOtt ſeliglich (gegen GOTT) leben in dieſer Welt/ die warten auff die ſeelige Hoffnung vnd Erſcheinung der Herꝛligkeit deß groſſen GOTTES/ vnd vnſers Heylands JESV CHRJSTJ/ der ſich ſelber fuͤr vns gegeben hat/ auff daß er vns erloͤſet von aller Vngerechtigkeit/ vnnd reiniget im ſelbſt ein Volck zum Eygenthumb/ das fleiſſig were zu guten Wercken/ Tit. am 2. cap. Vnd Auguſtinus ſpricht darauff im Pſalm. 147. Si amamus Chriſtum; utique deſiderare debemus ipſius adventum, das iſt: Wo wir den HERRN CHRJ STVM von Hertzen lieb haben/ ſo iſt es ja billich/ daß wir auff ſeine letzte Erſcheinung mit groſſem verlangen warten/ vnd dieſelbige lieb haben ſollen.",alle rechtſchaffene chriſten vnnd chriſten kinder ſo da verleugnen das vngoͤttliche weſen vnd die weltliche luͤſten die da gerecht gegen dem nechſten zuͤchtig gegen ſich ſelbſt vnnd gott ſeliglich gegen gott leben in dieſer welt die warten auff die ſeelige hoffnung vnd erſcheinung der herꝛligkeit deß groſſen gottes vnd vnſers heylands jesv chrjstj der ſich ſelber fuͤr vns gegeben hat auff daß er vns erloͤſet von aller vngerechtigkeit vnnd reiniget im ſelbſt ein volck zum eygenthumb das fleiſſig were zu guten wercken tit am cap vnd auguſtinus ſpricht darauff im pſalm si amamus chriſtum utique deſiderare debemus ipſius adventum das iſt wo wir den herrn chrj stvm von hertzen lieb haben ſo iſt es ja billich daß wir auff ſeine letzte erſcheinung mit groſſem verlangen warten vnd dieſelbige lieb haben ſollen,alle rechtschaffene christen unnd christen kinder so da uerleugnen das ungottliche wesen und die weltliche lusten die da gerecht gegen dem nechsten zuchtig gegen sich selbst unnd gott seliglich gegen gott leben in dieser welt die warten auff die seelige hoffnung und erscheinung der herligkeit dess grossen gottes und unsers heylands iesu christi der sich selber fur uns gegeben hat auff dass er uns erloset uon aller ungerechtigkeit unnd reiniget im selbst ein uolck zum eygenthumb das fleissig were zu guten wercken tit am cap und augustinus spricht darauff im psalm si amamus christum utique desiderare debemus ipsius aduentum das ist wo wir den herrn chri stum uon hertzen lieb haben so ist es ia billich dass wir auff seine letzte erscheinung mit grossem uerlangen warten und dieselbige lieb haben sollen
523615,body,21,0,False,[15],Dieſer groſſen Ernde vnnd deß Juͤngſten Tages begehren aller heyligen Seelen/ ſeufftzen vnnd bitten jmmerdar darumb/ darmit GOTTES Nahme vnnd Ehre endlich erꝛettet/ vnd allem Boͤſen gemehret vnd geſtewret werde/ wie dann S. Johannes ſchreibet vnd ſagt in ſeiner Offenbuhrung am 6. c. v. 9. 10. Vnd da es das fuͤnffte Siegel auffthet/ fahe ich vnter dem Altar die Seelen/ deren/ die erwuͤrget waren vmb deß Worts Gottes willen/ vnd vmb deß Zeugnuß willen/ das ſie hatten/ vnd ſie ſchryen mit groſſer Stim̃ vnd ſprachen: HErꝛ/ du Heyliger vnd Warhafftiger/ wie laugerichteſtu vnnd recheſt nicht vnſer Blut an denen/ die auff Erden wohnen?,dieſer groſſen ernde vnnd deß juͤngſten tages begehren aller heyligen seelen ſeufftzen vnnd bitten jmmerdar darumb darmit gottes nahme vnnd ehre endlich erꝛettet vnd allem boͤſen gemehret vnd geſtewret werde wie dann s johannes ſchreibet vnd ſagt in ſeiner offenbuhrung am c v vnd da es das fuͤnffte siegel auffthet fahe ich vnter dem altar die seelen deren die erwuͤrget waren vmb deß worts gottes willen vnd vmb deß zeugnuß willen das ſie hatten vnd ſie ſchryen mit groſſer stim̃ vnd ſprachen herꝛ du heyliger vnd warhafftiger wie laugerichteſtu vnnd recheſt nicht vnſer blut an denen die auff erden wohnen,dieser grossen ernde unnd dess iungsten tages begehren aller heyligen seelen seufftzen unnd bitten immerdar darumb darmit gottes nahme unnd ehre endlich erettet und allem bosen gemehret und gestewret werde wie dann s iohannes schreibet und sagt in seiner offenbuhrung am c u und da es das funffte siegel auffthet fahe ich unter dem altar die seelen deren die erwurget waren umb dess worts gottes willen und umb dess zeugnuss willen das sie hatten und sie schryen mit grosser stimm und sprachen her du heyliger und warhafftiger wie laugerichtestu unnd rechest nicht unser blut an denen die auff erden wohnen
523615,body,21,1,True,[16],Es haben auch die liebe heilige Engelein ein verlangen nach der groſſen Ernde deß HErꝛn/ da ſie die Schnitter ſein werden/ Matth. 13. vnnd die Außerwehlten Kinder Gottes von den vier Winden/ von einem Ende deß Himmels zu dem andern colligiren vnd ſamlen werden/ Matth 24 v. 31.,es haben auch die liebe heilige engelein ein verlangen nach der groſſen ernde deß herꝛn da ſie die schnitter ſein werden matth vnnd die außerwehlten kinder gottes von den vier winden von einem ende deß himmels zu dem andern colligiren vnd ſamlen werden matth v,es haben auch die liebe heilige engelein ein uerlangen nach der grossen ernde dess hern da sie die schnitter sein werden matth unnd die ausserwehlten kinder gottes uon den uier winden uon einem ende dess himmels zu dem andern colligiren und samlen werden matth u
523615,body,22,0,False,[16],"Aber dieſes beten vnd verlangen iſt nimmermehr bey den vngleubigen/ verſtorbenen vnd vnbußfertigen/ die wolten dz kein Juͤngſter Tag keme/ dieweil ſie an denſelbigen als das Vnkraut/ Stroh vnd Stoppeln in den Helliſchen Feweroffen ſollen geworffen werden/ da der Rauch vnd der Dampff jhrer Qual vnnd Pein auffſteigen wird von Ewigkeit zu Ewigkeit/ Apoc. 14. v. 11. formidandus eſt ille dies malis propter pœnam, ſpricht Anguſtinns enarrat.",aber dieſes beten vnd verlangen iſt nimmermehr bey den vngleubigen verſtorbenen vnd vnbußfertigen die wolten dz kein juͤngſter tag keme dieweil ſie an denſelbigen als das vnkraut stroh vnd stoppeln in den helliſchen feweroffen ſollen geworffen werden da der rauch vnd der dampff jhrer qual vnnd pein auffſteigen wird von ewigkeit zu ewigkeit apoc v formidandus eſt ille dies malis propter pœnam ſpricht anguſtinns enarrat,aber dieses beten und uerlangen ist nimmermehr bey den ungleubigen uerstorbenen und unbussfertigen die wolten dz kein iungster tag keme dieweil sie an denselbigen als das unkraut stroh und stoppeln in den hellischen feweroffen sollen geworffen werden da der rauch und der dampff ihrer qual unnd pein auffsteigen wird uon ewigkeit zu ewigkeit apoc u formidandus est ille dies malis propter poenam spricht angustinns enarrat
523615,body,22,1,True,[16],Pſal 100.,pſal,psal
523615,body,23,0,False,[16],Wolan lieben Chriſten/ laſſet vns froͤlich ſein in Hoffnung vnnd gedultig in Truͤbſal/ vnd anhalten am Gebet/ nach der Apoſtoliſchen Vermahnung in der Epiſtel an die Roͤmer am 12. denn die Zeit vnnd Stunde iſt a/ daß der HErꝛ der groſſen Ernde vnnd der Richter alles Fleiſches komme vnd erſcheine/ vnd er wird bald/ bald kommen/ wie er deñ ſpricht im letzten Capitel der Bibel/ v. 12. Vnd ſiehe/ ich komme bald/ vnd mein Lohn mit mir/ zugeben einem jeglichen/ wie ſeine werck ſein werden/ vnnd da er gleich ein wenig noch verzeuhet/ weil er gedult mit vns hat/ vnd nicht wil/ dz jemand verlohren werde/ ſondern daß ſich jederman zur Buſſe kere/ 2. Pet. 3. v. 9. So ſollen vnd werden wir ſein fein harꝛen.,wolan lieben chriſten laſſet vns froͤlich ſein in hoffnung vnnd gedultig in truͤbſal vnd anhalten am gebet nach der apoſtoliſchen vermahnung in der epiſtel an die roͤmer am denn die zeit vnnd stunde iſt a daß der herꝛ der groſſen ernde vnnd der richter alles fleiſches komme vnd erſcheine vnd er wird bald bald kommen wie er deñ ſpricht im letzten capitel der bibel v vnd ſiehe ich komme bald vnd mein lohn mit mir zugeben einem jeglichen wie ſeine werck ſein werden vnnd da er gleich ein wenig noch verzeuhet weil er gedult mit vns hat vnd nicht wil dz jemand verlohren werde ſondern daß ſich jederman zur buſſe kere pet v so ſollen vnd werden wir ſein fein harꝛen,wolan lieben christen lasset uns frolich sein in hoffnung unnd gedultig in trubsal und anhalten am gebet nach der apostolischen uermahnung in der epistel an die romer am denn die zeit unnd stunde ist a dass der her der grossen ernde unnd der richter alles fleisches komme und erscheine und er wird bald bald kommen wie er denn spricht im letzten capitel der bibel u und siehe ich komme bald und mein lohn mit mir zugeben einem ieglichen wie seine werck sein werden unnd da er gleich ein wenig noch uerzeuhet weil er gedult mit uns hat und nicht wil dz iemand uerlohren werde sondern dass sich iederman zur busse kere pet u so sollen und werden wir sein fein haren
523615,body,23,1,False,[17],"Nam veniens veniet & non tardebit, er wird gewißlich kommen/ vnd nicht verziehen/ Habac. 2. v. 3. er weiß wol wanns am beſten iſt/ vnd braucht an vns keine arge liſte/ das ſollen wir jhm vertrawen.",nam veniens veniet & non tardebit er wird gewißlich kommen vnd nicht verziehen habac v er weiß wol wanns am beſten iſt vnd braucht an vns keine arge liſte das ſollen wir jhm vertrawen,nam ueniens ueniet et non tardebit er wird gewisslich kommen und nicht uerziehen habac u er weiss wol wanns am besten ist und braucht an uns keine arge liste das sollen wir ihm uertrawen
523615,body,23,2,True,[17],Der HErꝛ weiß die Gottſeligen auß der Verſuchung zu erloͤſen/ die vngerechten aber behalten zum Tage deß Gerichtes zu peinigen/ 2. Petr. 2. v 9. AMEN/ Ach ja/ kom O du vnſer HErꝛ JEſu/ Amen.,der herꝛ weiß die gottſeligen auß der verſuchung zu erloͤſen die vngerechten aber behalten zum tage deß gerichtes zu peinigen petr v amen ach ja kom o du vnſer herꝛ jeſu amen,der her weiss die gottseligen auss der uersuchung zu erlosen die ungerechten aber behalten zum tage dess gerichtes zu peinigen petr u amen ach ia kom o du unser her iesu amen
523615,head,24,0,True,[17],"PERSONALIA,",personalia,personalia
523615,body,25,0,False,[17],WAs nun Jhr Geliebte Freund im HErꝛn Chriſto/ anlangt die Chriſtlich Perſon vnd Ehrentugentſame Matron/ welche wir jtzo dieſes mal Chriſtlich vnnd Ehrlich zur Erden vnd jhrer Ruhſtatt beſtattet/ iſt dieſelbige vor 61. Jahrẽ von Chriſtlichen vñ Ehrlichen Eltern/ Hanſen Grebendorffen vnd Marien/ in dieſe Welt gezeuget/ durch die H. Tauffe dem HErꝛn CHriſto zugetragen vnd von Jugent auff zur Furcht vnnd Erkentnuß Gottes aufferzogen worden.,was nun jhr geliebte freund im herꝛn chriſto anlangt die chriſtlich perſon vnd ehrentugentſame matron welche wir jtzo dieſes mal chriſtlich vnnd ehrlich zur erden vnd jhrer ruhſtatt beſtattet iſt dieſelbige vor jahrẽ von chriſtlichen vñ ehrlichen eltern hanſen grebendorffen vnd marien in dieſe welt gezeuget durch die h tauffe dem herꝛn chriſto zugetragen vnd von jugent auff zur furcht vnnd erkentnuß gottes aufferzogen worden,was nun ihr geliebte freund im hern christo anlangt die christlich person und ehrentugentsame matron welche wir itzo dieses mal christlich unnd ehrlich zur erden und ihrer ruhstatt bestattet ist dieselbige uor iahren uon christlichen und ehrlichen eltern hansen grebendorffen und marien in diese welt gezeuget durch die h tauffe dem hern christo zugetragen und uon iugent auff zur furcht unnd erkentnuss gottes aufferzogen worden
523615,body,25,1,False,[17],Sie hat hauß gehalten 41. Jahr/ nemblich 14. Jahr mit Hans Eckharten Heſſiſcher Ritterſchafft Vogt S. zu Wetter.,sie hat hauß gehalten jahr nemblich jahr mit hans eckharten heſſiſcher ritterſchafft vogt s zu wetter,sie hat hauss gehalten iahr nemblich iahr mit hans eckharten hessischer ritterschafft uogt s zu wetter
523615,body,25,2,False,[17],Anderthalb Jahr mit Herꝛn Sylveſtro Thomæ Pfarherꝛn zu Vfflen S. 10. Jahr mit Herꝛn Johan Schnabeln Rhatsverwanden allhier in Grunberg/ vnd die vbrigen in betruͤbten Witwenſtand nach beyder jhrer erſter Ehevogten S. todt.,anderthalb jahr mit herꝛn sylveſtro thomæ pfarherꝛn zu vfflen s jahr mit herꝛn johan schnabeln rhatsverwanden allhier in grunberg vnd die vbrigen in betruͤbten witwenſtand nach beyder jhrer erſter ehevogten s todt,anderthalb iahr mit hern syluestro thomae pfarhern zu ufflen s iahr mit hern iohan schnabeln rhatsuerwanden allhier in grunberg und die ubrigen in betrubten witwenstand nach beyder ihrer erster eheuogten s todt
523615,body,25,3,False,[17],Gottes Wort hat ſie gern fleiſſig vnd andechtig gehoͤret/ vnd jhr Leben darnach angeſtellet vnd gefuͤhret/ die Heyligen Hochwuͤrdigen Sacramenten hat ſie mit andern Chriſten zu Sterckung vnnd Bekantnuß jhres Glaubens an Jeſum Chriſtum offt vnnd vielmals gebraucht/ die Diener Gottes hat ſie lieb vnd wehrt gehabt/ mit jhren Nachbarnhat ſie ſich freundlich vnd wol vertragen/ ſo Gott im Him̃el vnd frommen Leuten auff Erden wolgefellet/ Syrach. 25. vnnd dem Chriſtlichen Ehrlichen Armut nach vermoͤgen die Wercke der Barmhertzigkeit/ beſchrieben Matth. am 25. c. willig vñ gern erzeigt vnd bewieſen.,gottes wort hat ſie gern fleiſſig vnd andechtig gehoͤret vnd jhr leben darnach angeſtellet vnd gefuͤhret die heyligen hochwuͤrdigen sacramenten hat ſie mit andern chriſten zu sterckung vnnd bekantnuß jhres glaubens an jeſum chriſtum offt vnnd vielmals gebraucht die diener gottes hat ſie lieb vnd wehrt gehabt mit jhren nachbarnhat ſie ſich freundlich vnd wol vertragen ſo gott im him̃el vnd frommen leuten auff erden wolgefellet syrach vnnd dem chriſtlichen ehrlichen armut nach vermoͤgen die wercke der barmhertzigkeit beſchrieben matth am c willig vñ gern erzeigt vnd bewieſen,gottes wort hat sie gern fleissig und andechtig gehoret und ihr leben darnach angestellet und gefuhret die heyligen hochwurdigen sacramenten hat sie mit andern christen zu sterckung unnd bekantnuss ihres glaubens an iesum christum offt unnd uielmals gebraucht die diener gottes hat sie lieb und wehrt gehabt mit ihren nachbarnhat sie sich freundlich und wol uertragen so gott im himmel und frommen leuten auff erden wolgefellet syrach unnd dem christlichen ehrlichen armut nach uermogen die wercke der barmhertzigkeit beschrieben matth am c willig und gern erzeigt und bewiesen
523615,body,25,4,True,[18],Jſt alſo dieſe vnſere liebe verſtorbene Mitchriſtin geweſen auß der Zahl der Frommen Gottsfuͤrchtigen vnd Tugentſamen Weibern/ beſchrieben in Sprichwoͤrtern Salomonis am 31. vnnd im Buch Syrachs am 26. vnd 37 c.,jſt alſo dieſe vnſere liebe verſtorbene mitchriſtin geweſen auß der zahl der frommen gottsfuͤrchtigen vnd tugentſamen weibern beſchrieben in sprichwoͤrtern salomonis am vnnd im buch syrachs am vnd c,ist also diese unsere liebe uerstorbene mitchristin gewesen auss der zahl der frommen gottsfurchtigen und tugentsamen weibern beschrieben in sprichwortern salomonis am unnd im buch syrachs am und c
523615,body,26,0,False,[18],"Gott hat ſie als ein frommes vnnd Gottsfuͤrchtiges Weib reichlichen an Guͤtern geſegnet/ welches die Kinder zu erben haben/ wie geſchrieben ſtehet in Sprichwoͤrtern Salomonis am 19. c. Es hat ſie Gott an jhren dreyen Sohnen/ Alberto, Henrico vnnd Danieln/ ſo ſie durch den Segen Gottes/ im H. Eheſtand mit jhrem erſten Ehevogt Hanſen Eckharden erzeuget/ Ehr vnd Frewde erleben laſſen/ denn ſie geſehen/ daß die zween erſten zu Marpurg in den ſieben freyen Kuͤnſten zu Magiſtern ſind gemacht worden/ ſie hat geſehen/ daß ſie Prediger Goͤttliches Worts worden ſind/ M. Albertus hier in Grunberg/ vnd ſo lange der neben mir vnwuͤrdigen Paſtorn allhier geprediget/ iſt in Kirchen vñ in Schulen feine Corꝛeſpondentz vnd Einigkeit geweſen/ darvon geſchrieben ſtehet im 133. Pſal.",gott hat ſie als ein frommes vnnd gottsfuͤrchtiges weib reichlichen an guͤtern geſegnet welches die kinder zu erben haben wie geſchrieben ſtehet in sprichwoͤrtern salomonis am c es hat ſie gott an jhren dreyen sohnen alberto henrico vnnd danieln ſo ſie durch den segen gottes im h eheſtand mit jhrem erſten ehevogt hanſen eckharden erzeuget ehr vnd frewde erleben laſſen denn ſie geſehen daß die zween erſten zu marpurg in den ſieben freyen kuͤnſten zu magiſtern ſind gemacht worden ſie hat geſehen daß ſie prediger goͤttliches worts worden ſind m albertus hier in grunberg vnd ſo lange der neben mir vnwuͤrdigen paſtorn allhier geprediget iſt in kirchen vñ in schulen feine corꝛeſpondentz vnd einigkeit geweſen darvon geſchrieben ſtehet im pſal,gott hat sie als ein frommes unnd gottsfurchtiges weib reichlichen an gutern gesegnet welches die kinder zu erben haben wie geschrieben stehet in sprichwortern salomonis am c es hat sie gott an ihren dreyen sohnen alberto henrico unnd danieln so sie durch den segen gottes im h ehestand mit ihrem ersten eheuogt hansen eckharden erzeuget ehr und frewde erleben lassen denn sie gesehen dass die zween ersten zu marpurg in den sieben freyen kunsten zu magistern sind gemacht worden sie hat gesehen dass sie prediger gottliches worts worden sind m albertus hier in grunberg und so lange der neben mir unwurdigen pastorn allhier geprediget ist in kirchen und in schulen feine corespondentz und einigkeit gewesen daruon geschrieben stehet im psal
523615,body,26,1,False,[18],Siehe wie fein vnd lieblich iſts/ dz Bruͤder eintrechtig bey einander wohnen/ wie der koͤſtliche Balſam iſt/ der vom HauptAaron herab fleuſt in ſeinen gantzen Bart/ der herab fleuſt in ſein Kleyd.,siehe wie fein vnd lieblich iſts dz bruͤder eintrechtig bey einander wohnen wie der koͤſtliche balſam iſt der vom hauptaaron herab fleuſt in ſeinen gantzen bart der herab fleuſt in ſein kleyd,siehe wie fein und lieblich ists dz bruder eintrechtig bey einander wohnen wie der kostliche balsam ist der uom hauptaaron herab fleust in seinen gantzen bart der herab fleust in sein kleyd
523615,body,26,2,False,[18],Wie der Thaw der von Hermon felt auff die Berge Zion/ denn daſelbſt verheiſt der HErꝛ Segen vnd Leben.,wie der thaw der von hermon felt auff die berge zion denn daſelbſt verheiſt der herꝛ segen vnd leben,wie der thaw der uon hermon felt auff die berge zion denn daselbst uerheist der her segen und leben
523615,body,26,3,True,[18],Da ſich einesmals etliche Friedeſtoͤrer allhier vermercken lieſſen/ Hader zwiſchen vns beyden Predigern vnd Collegen anzurichten/ hat mir ſolches offenbaret vnnd dieſelbige dermaſſen abgewieſen/ daß ſie ſich haben muͤſſen ſchaͤmen/ vnnd vns beyde vmb Verzeihung bitten/ vnd ein andermal hat er wider die Friedeſtoͤrer vnd Wirꝛewerꝛe maͤcher/ vnder andern an mich alſo geſchrieben:,da ſich einesmals etliche friedeſtoͤrer allhier vermercken lieſſen hader zwiſchen vns beyden predigern vnd collegen anzurichten hat mir ſolches offenbaret vnnd dieſelbige dermaſſen abgewieſen daß ſie ſich haben muͤſſen ſchaͤmen vnnd vns beyde vmb verzeihung bitten vnd ein andermal hat er wider die friedeſtoͤrer vnd wirꝛewerꝛe maͤcher vnder andern an mich alſo geſchrieben,da sich einesmals etliche friedestorer allhier uermercken liessen hader zwischen uns beyden predigern und collegen anzurichten hat mir solches offenbaret unnd dieselbige dermassen abgewiesen dass sie sich haben mussen schamen unnd uns beyde umb uerzeihung bitten und ein andermal hat er wider die friedestorer und wirewere macher under andern an mich also geschrieben
523615,body,27,0,True,[19],M. Henricus iſt Pfarꝛer worden in der Graffſchafft Schwartzenburg/ ꝛc.,m henricus iſt pfarꝛer worden in der graffſchafft schwartzenburg ꝛc,m henricus ist pfarer worden in der graffschafft schwartzenburg c
523615,body,28,0,True,[19],Sie hat geſehen daß dieſe beyde auff einen Tag im Jahr 1607. in der Vniverſitet Gieſſen ſind zu Doctores der H. Schrifft gemacht worden/ begriffen in dieſem Chronologico ex 84 Pſælmo.,sie hat geſehen daß dieſe beyde auff einen tag im jahr in der vniverſitet gieſſen ſind zu doctores der h schrifft gemacht worden begriffen in dieſem chronologico ex pſælmo,sie hat gesehen dass diese beyde auff einen tag im iahr in der uniuersitet giessen sind zu doctores der h schrifft gemacht worden begriffen in diesem chronologico ex psaelmo
523615,body,29,0,False,[19],Darauff hat ſie geſehen daß D. Albertus iſt Superintendens worden zu Hildesheim.,darauff hat ſie geſehen daß d albertus iſt superintendens worden zu hildesheim,darauff hat sie gesehen dass d albertus ist superintendens worden zu hildesheim
523615,body,29,1,True,[19],D. Henricus Profeſſor Theologiæ zu Gieſſen.,d henricus profeſſor theologiæ zu gieſſen,d henricus professor theologiae zu giessen
523615,body,30,0,True,[19],D. Albertus hat ſeinen lauff vollendet vnnd iſt zu Hildesheim im HErꝛn ſeeliglichen entſchlaffen/ Anno ut in hoc meo Chronologico.,d albertus hat ſeinen lauff vollendet vnnd iſt zu hildesheim im herꝛn ſeeliglichen entſchlaffen anno ut in hoc meo chronologico,d albertus hat seinen lauff uollendet unnd ist zu hildesheim im hern seeliglichen entschlaffen anno ut in hoc meo chronologico
523615,body,31,0,False,[19],"D. Henricus iſt nunmehr zu Altenburg in Meiſſen Pfarꝛervñ Superintẽdens, vivit is in libvis, & libris.",d henricus iſt nunmehr zu altenburg in meiſſen pfarꝛervñ superintẽdens vivit is in libvis & libris,d henricus ist nunmehr zu altenburg in meissen pfarerunn superintendens uiuit is in libuis et libris
523615,body,31,1,True,[19],Es wolle denſelbigen Gott der HErꝛ Kirchen vnd Schulen zum beſten noch lange zeit friſch vnd geſund erhalten.,es wolle denſelbigen gott der herꝛ kirchen vnd schulen zum beſten noch lange zeit friſch vnd geſund erhalten,es wolle denselbigen gott der her kirchen und schulen zum besten noch lange zeit frisch und gesund erhalten
523615,body,32,0,False,[20],Sie hat geſehen vnd gehoͤret daß jhr dritter Sohn alhier das Ampt eines Mitburgermeiſters/ wie auch das Vorſteher Ampt im Hoſpital ehrlichen vnd trewlichen verwaltet.,sie hat geſehen vnd gehoͤret daß jhr dritter sohn alhier das ampt eines mitburgermeiſters wie auch das vorſteher ampt im hoſpital ehrlichen vnd trewlichen verwaltet,sie hat gesehen und gehoret dass ihr dritter sohn alhier das ampt eines mitburgermeisters wie auch das uorsteher ampt im hospital ehrlichen und trewlichen uerwaltet
523615,body,32,1,False,[20],O welch ein liebliches vnnd Freudenreiches ſehen iſt das geweſen?,o welch ein liebliches vnnd freudenreiches ſehen iſt das geweſen,o welch ein liebliches unnd freudenreiches sehen ist das gewesen
523615,body,32,2,True,[20],"Gleich wie auch Mantuanus geſehen/ daß ſeine neun Soͤhne ſind Doctores geweſen/ vnd Marcellus geſehen hat/ dz ſeine drey Soͤhne ſind Burgemeiſter geweſen/ vnnd der vierdte ein Prætor, ein Schultheiß oder Vogt worden iſt",gleich wie auch mantuanus geſehen daß ſeine neun soͤhne ſind doctores geweſen vnd marcellus geſehen hat dz ſeine drey soͤhne ſind burgemeiſter geweſen vnnd der vierdte ein prætor ein schultheiß oder vogt worden iſt,gleich wie auch mantuanus gesehen dass seine neun sohne sind doctores gewesen und marcellus gesehen hat dz seine drey sohne sind burgemeister gewesen unnd der uierdte ein praetor ein schultheiss oder uogt worden ist
523615,body,33,0,False,[20],Ach gebe der liebe Gott vnd mein hertzlicher Wunſch/ dz auch vnſere Kinder moͤgen wolgerahten/ vnd wir arme Eltern Ehre vnnd Frewde an jhnen erleben/ vnd ſehen moͤgen.,ach gebe der liebe gott vnd mein hertzlicher wunſch dz auch vnſere kinder moͤgen wolgerahten vnd wir arme eltern ehre vnnd frewde an jhnen erleben vnd ſehen moͤgen,ach gebe der liebe gott und mein hertzlicher wunsch dz auch unsere kinder mogen wolgerahten und wir arme eltern ehre unnd frewde an ihnen erleben und sehen mogen
523615,body,33,1,False,[20],Syrach ſpricht in ſeinem Buch am 30. Capitel: Wer ſein Kind lieb hat/ der helt es ſtets vnter der Rute/ das er hernach Frewde an jhm erlebe.,syrach ſpricht in ſeinem buch am capitel wer ſein kind lieb hat der helt es ſtets vnter der rute das er hernach frewde an jhm erlebe,syrach spricht in seinem buch am capitel wer sein kind lieb hat der helt es stets unter der rute das er hernach frewde an ihm erlebe
523615,body,33,2,False,[20],Wer ſein Kind in der Zucht helt/ der wird ſich ſein frewen/ vnd darff ſich bey den Bekandten nicht ſchemen.,wer ſein kind in der zucht helt der wird ſich ſein frewen vnd darff ſich bey den bekandten nicht ſchemen,wer sein kind in der zucht helt der wird sich sein frewen und darff sich bey den bekandten nicht schemen
523615,body,33,3,False,[20],Wann einer ſein Kind zeucht/ das verdreuſt ſeinen Feind vnd erfrewet ſeinen Freunde/ ꝛc. Der liebe Gott wil fleiſſig darumb erſucht vnd angeruffen ſein/ wie David fuͤr ſeinen Sohn den Salomon gebeten/ daß jhm GOtt ein rechtſchaffen Hertz geben wolte. 1. Chron 30. vñ die H. Monica mit Threnen jhr Gebet zu GOtt gethan hat fuͤr jhren verfuͤhrten Sohn/ den Auguſtinum/ ꝛc. Endlichen/ nach dem ſie nun mehr ein zimliches hohes Alter erꝛeicht/ nemblilichen ein vnnd ſechtzig Jahr/ vnd dieſer Welt ſatt vnd muͤde geweſen/ hat ſie vnſer lieber Gott abermals mit Leibes Schwacheit angegriffen/ vnd mit dem Sterbſtuͤndlein bey jhr angeklopffet/ in welcher jhrer Schwacheit ſie gantz geduldig geweſen/ jhren willen in den willen Gottes geſtellet/ hat in der Kirchen laſſen fuͤr ſich beten/ vnd jhr zu Hauſe das H. Hochwuͤrdige Abentmal reichen laſſen/ darauff ſie geſprochen: Herr JESV dir lebe ich/ HERR JETV dir ſterbe ich/ HERR JESV dein bin ich todt vnd lebendig.,wann einer ſein kind zeucht das verdreuſt ſeinen feind vnd erfrewet ſeinen freunde ꝛc der liebe gott wil fleiſſig darumb erſucht vnd angeruffen ſein wie david fuͤr ſeinen sohn den salomon gebeten daß jhm gott ein rechtſchaffen hertz geben wolte chron vñ die h monica mit threnen jhr gebet zu gott gethan hat fuͤr jhren verfuͤhrten sohn den auguſtinum ꝛc endlichen nach dem ſie nun mehr ein zimliches hohes alter erꝛeicht nemblilichen ein vnnd ſechtzig jahr vnd dieſer welt ſatt vnd muͤde geweſen hat ſie vnſer lieber gott abermals mit leibes schwacheit angegriffen vnd mit dem sterbſtuͤndlein bey jhr angeklopffet in welcher jhrer schwacheit ſie gantz geduldig geweſen jhren willen in den willen gottes geſtellet hat in der kirchen laſſen fuͤr ſich beten vnd jhr zu hauſe das h hochwuͤrdige abentmal reichen laſſen darauff ſie geſprochen herr jesv dir lebe ich herr jetv dir ſterbe ich herr jesv dein bin ich todt vnd lebendig,wann einer sein kind zeucht das uerdreust seinen feind und erfrewet seinen freunde c der liebe gott wil fleissig darumb ersucht und angeruffen sein wie dauid fur seinen sohn den salomon gebeten dass ihm gott ein rechtschaffen hertz geben wolte chron und die h monica mit threnen ihr gebet zu gott gethan hat fur ihren uerfuhrten sohn den augustinum c endlichen nach dem sie nun mehr ein zimliches hohes alter ereicht nemblilichen ein unnd sechtzig iahr und dieser welt satt und mude gewesen hat sie unser lieber gott abermals mit leibes schwacheit angegriffen und mit dem sterbstundlein bey ihr angeklopffet in welcher ihrer schwacheit sie gantz geduldig gewesen ihren willen in den willen gottes gestellet hat in der kirchen lassen fur sich beten und ihr zu hause das h hochwurdige abentmal reichen lassen darauff sie gesprochen herr iesu dir lebe ich herr ietu dir sterbe ich herr iesu dein bin ich todt und lebendig
523615,body,33,4,True,[21],Gott hat jhr ſeufftzen vnd gebet/ wie auch das Gebet der Kirchen gnedig erhoͤret vnnd jhr vorgeſtern gnediglichen durch den zeitlichen Todt außgeholffen/ die Seel hat er zu ſich genommen in den Himmel/ der Leib hat in der Erde ſein ruh biß ſich der Juͤngſtetag nahet herzu/ da dann Leib vnd Seel ſoll vnd wird wider zuſammen kommen vnd bey Chriſto ſein vnd bleiben allezeit: Iſt alſo nun auch an dieſer vnſer lieben Mitchriſten erfuͤllet worden die ſchoͤne Verheiſſung vnd Vertroͤſtung/ beſchrieben im Buch Job am 5. c. v. 26.,gott hat jhr ſeufftzen vnd gebet wie auch das gebet der kirchen gnedig erhoͤret vnnd jhr vorgeſtern gnediglichen durch den zeitlichen todt außgeholffen die seel hat er zu ſich genommen in den himmel der leib hat in der erde ſein ruh biß ſich der juͤngſtetag nahet herzu da dann leib vnd seel ſoll vnd wird wider zuſammen kommen vnd bey chriſto ſein vnd bleiben allezeit iſt alſo nun auch an dieſer vnſer lieben mitchriſten erfuͤllet worden die ſchoͤne verheiſſung vnd vertroͤſtung beſchrieben im buch job am c v,gott hat ihr seufftzen und gebet wie auch das gebet der kirchen gnedig erhoret unnd ihr uorgestern gnediglichen durch den zeitlichen todt aussgeholffen die seel hat er zu sich genommen in den himmel der leib hat in der erde sein ruh biss sich der iungstetag nahet herzu da dann leib und seel soll und wird wider zusammen kommen und bey christo sein und bleiben allezeit ist also nun auch an dieser unser lieben mitchristen erfullet worden die schone uerheissung und uertrostung beschrieben im buch iob am c u
523615,body,34,0,True,[21],Darzu vns auch zu ſeiner Zeit mit Fried vnnd Frewde hernach helffe Gott Vatter/ Sohn vnnd Heyliger Geiſt/ hochgelobt in alle Ewige Ewigkeiten/ Amen.,darzu vns auch zu ſeiner zeit mit fried vnnd frewde hernach helffe gott vatter sohn vnnd heyliger geiſt hochgelobt in alle ewige ewigkeiten amen,darzu uns auch zu seiner zeit mit fried unnd frewde hernach helffe gott uatter sohn unnd heyliger geist hochgelobt in alle ewige ewigkeiten amen
523615,head,35,0,False,[21],CARMEN,carmen,carmen
523615,body,35,1,True,[21],CONSOLAT. IN EJUS DEM HONESTISSIMÆ MATRONÆ obitum; gratitudinis & συμαϖαϑείος ergo compoſitum à M. Hartmanno Braun.,consolat in ejus dem honestissimæ matronæ obitum gratitudinis & συμαϖαϑείος ergo compoſitum à m hartmanno braun,consolat in eius dem honestissimae matronae obitum gratitudinis et ergo compositum a m hartmanno braun
523615,body,36,0,True,[21],VOs hanc Matronam quare defletis Amici?,vos hanc matronam quare defletis amici,uos hanc matronam quare defletis amici
523615,body,37,0,True,[21],"Non ob Ilt, MagnIVIVIt In arCe DeI.",non ob ilt magnivivit in arce dei,non ob ilt magniuiuit in arce dei
523615,body,38,0,True,[21],"Ergoſiſtatis lacrumas, optent pII & oMnes",ergoſiſtatis lacrumas optent pii & omnes,ergosistatis lacrumas optent pii et omnes
523615,body,39,0,True,[21],AeternI noſtrI VIV ere In arCe DeI.,aeterni noſtri viv ere in arce dei,aeterni nostri uiu ere in arce dei
523615,body,40,0,True,[21],"Nam ventum ad ſummum eſt, nec poſt meliora ſequen-",nam ventum ad ſummum eſt nec poſt meliora ſequen,nam uentum ad summum est nec post meliora sequen
523615,body,41,0,True,[21],Donec ad adventum Chriſte benignetm.,donec ad adventum chriſte benignetm,donec ad aduentum christe benignetm
523615,body,42,0,True,[21],(tur.,tur,tur
523615,body,43,0,True,[21],"Sermonem ſanctum vos quem petiiſtis honeſtè,",sermonem ſanctum vos quem petiiſtis honeſtè,sermonem sanctum uos quem petiistis honeste
523615,body,44,0,True,[21],"Fronte videte piâ, & pergite amare meos.",fronte videte piâ & pergite amare meos,fronte uidete pia et pergite amare meos
523615,body,45,0,False,[22],Jn Chriſto lieben Freunde mein,jn chriſto lieben freunde mein,in christo lieben freunde mein
523615,body,45,1,False,[22],Warumb trawret jhr ſo in gemein/,warumb trawret jhr ſo in gemein,warumb trawret ihr so in gemein
523615,body,45,2,False,[22],Vber dieſer Matronen Todt,vber dieſer matronen todt,uber dieser matronen todt
523615,body,45,3,False,[22],So nicht todt iſt/ ſondern bey Gott,so nicht todt iſt ſondern bey gott,so nicht todt ist sondern bey gott
523615,body,45,4,False,[22],Lebet in dieſem groſſen Saal/,lebet in dieſem groſſen saal,lebet in diesem grossen saal
523615,body,45,5,True,[22],Da Frewd vnd Wohn iſt vberall.,da frewd vnd wohn iſt vberall,da frewd und wohn ist uberall
523615,body,46,0,False,[22],Drumb ſollet jhr nicht weinen mehr/,drumb ſollet jhr nicht weinen mehr,drumb sollet ihr nicht weinen mehr
523615,body,46,1,False,[22],Sondern mein Frommer fein begehr/,sondern mein frommer fein begehr,sondern mein frommer fein begehr
523615,body,46,2,False,[22],Zu leben im Himliſchen Thron,zu leben im himliſchen thron,zu leben im himlischen thron
523615,body,46,3,True,[22],Da alles iſt gantz fein vnd ſchon.,da alles iſt gantz fein vnd ſchon,da alles ist gantz fein und schon
523615,body,47,0,False,[22],Denn es doch auffs hoͤchſt kommen iſt/,denn es doch auffs hoͤchſt kommen iſt,denn es doch auffs hochst kommen ist
523615,body,47,1,False,[22],Wie klagen thut ein jeder Chriſt/,wie klagen thut ein jeder chriſt,wie klagen thut ein ieder christ
523615,body,47,2,False,[22],Beſſer wird es auch nimmermehr/,beſſer wird es auch nimmermehr,besser wird es auch nimmermehr
523615,body,47,3,False,[22],Biß daß da kom̃ Chriſtus der HErꝛ/,biß daß da kom̃ chriſtus der herꝛ,biss dass da komm christus der her
523615,body,47,4,False,[22],Vnd vns geb Ruh/ Fried vnd Ehr/,vnd vns geb ruh fried vnd ehr,und uns geb ruh fried und ehr
523615,body,47,5,True,[22],Vnd was vns ſein Wort verſpricht mehr.,vnd was vns ſein wort verſpricht mehr,und was uns sein wort uerspricht mehr
523615,body,48,0,False,[22],Die Leichpredigt ſo jhr begert/,die leichpredigt ſo jhr begert,die leichpredigt so ihr begert
523615,body,48,1,False,[22],So gut ſie Gott vns hat beſchert/,so gut ſie gott vns hat beſchert,so gut sie gott uns hat beschert
523615,body,48,2,False,[22],Woͤllet jhr hie Gottſeliglich.,woͤllet jhr hie gottſeliglich,wollet ihr hie gottseliglich
523615,body,48,3,False,[22],Anſehen/ vnd euch auch freundlich/,anſehen vnd euch auch freundlich,ansehen und euch auch freundlich
523615,body,48,4,False,[22],Ferners erzeigen/ bitt ich dienſtlich/,ferners erzeigen bitt ich dienſtlich,ferners erzeigen bitt ich dienstlich
523615,body,48,5,True,[22],Gegen die meinen/ iſt Chriſtlich.,gegen die meinen iſt chriſtlich,gegen die meinen ist christlich
523615,body,49,0,False,[23],CARMEN FVNEBRE M. CA,carmen fvnebre m ca,carmen funebre m ca
523615,body,49,1,True,[23],SPAR. HOFMANNI LV DImod. apud Grunb.,spar hofmanni lv dimod apud grunb,spar hofmanni lu dimod apud grunb
523615,body,50,0,True,[23],"MEntem defunctæ ſervat bene dextra Jehovæ,",mentem defunctæ ſervat bene dextra jehovæ,mentem defunctae seruat bene dextra iehouae
523615,body,51,0,True,[23],In ſpc ſanctorum membra cubant tumulo.,in ſpc ſanctorum membra cubant tumulo,in spc sanctorum membra cubant tumulo
523615,body,52,0,True,[23],"Illam qui morum vitæque exemplar habebant,",illam qui morum vitæque exemplar habebant,illam qui morum uitaeque exemplar habebant
523615,body,53,0,True,[23],Exemplar ſanctæ nunc quoque mortis habent.,exemplar ſanctæ nunc quoque mortis habent,exemplar sanctae nunc quoque mortis habent
523615,head,54,0,False,[23],CARNEN,carnen,carnen
523615,body,54,1,True,[23],FVNEB. JOHANN. BRUNONIS FIL.,fvneb johann brunonis fil,funeb iohann brunonis fil
523615,body,55,0,True,[23],IN Domino moriens clamat vox cœlica felix,in domino moriens clamat vox cœlica felix,in domino moriens clamat uox coelica felix
523615,body,56,0,True,[23],"Acunctis turbis iſte quieſcit homo,",acunctis turbis iſte quieſcit homo,acunctis turbis iste quiescit homo
523615,body,57,0,True,[23],"In Chriſto Domino eſt matrona hæc mortua, felix",in chriſto domino eſt matrona hæc mortua felix,in christo domino est matrona haec mortua felix
523615,body,58,0,True,[23],Eſt ergo inꝙ alma pace quieſcit ovans,eſt ergo inꝙ alma pace quieſcit ovans,est ergo inquod alma pace quiescit ouans
523615,body,59,0,True,[23],"In Chriſto, precor & nos ut moriamur in ævum",in chriſto precor & nos ut moriamur in ævum,in christo precor et nos ut moriamur in aeuum
523615,body,60,0,True,[23],"Felices ſimus quo uſque & ovemus, Amen.",felices ſimus quo uſque & ovemus amen,felices simus quo usque et ouemus amen
523615,head,61,0,True,[23],AD VIATOREM.,ad viatorem,ad uiatorem
523615,body,62,0,True,[23],"Virtutis ſtudeas, ſtudeas virtute placere;",virtutis ſtudeas ſtudeas virtute placere,uirtutis studeas studeas uirtute placere
523615,body,63,0,True,[23],"En,VlrtVs DVret Cætera Mors rap Iat.",envlrtvs dvret cætera mors rap iat,enulrtus duret caetera mors rap iat
523615,body,64,0,True,[23],FINIS.,finis,finis
