,,,,,,,,,,,,,,,,,,,,,,
125,300,28,395,349,398,28,54,24,331,332,20,269,358,335,365,68,321,,,,,
28,43,370,269,365,394,358,16’,17’,22,321,36u’,16’,35u’,14u’,30u’,19’,,,,,,
405,358,280,201,56,365,269,358,335,324,52,334,331,44,184,,,,,,,,
361,365,181,348,398,201,213,109,113,54,107,56,40,148,365,119,43,24,331,321,,,
122,52,348,139,41,56,395,410,66,208,44,20,62,164,352,68,107,56,358,119,278,,
458,58,461,297,201,198,62,320,238,297,20,70,125,42,414,278,36,42,310,52,56,,
130,405,375,446,115,40,125,44,24,348,113,211,103,125,42,119,44,105,52,201,,,
358,43,335u,60,181u,46,36,54,20,307,43,471,70,395,44,370,107,56,125,44,105,52,
56,124,223,28,129,349,44,105,420,358,293,40,322,392,395,44,410,20,32,321,20,,
22,358,20,348,177,198,62,325,44,105,370,321,58,359,52,269,358,335,311,26,363,,
46,54,423,124,175,285,124,348,261,278,246,130,236,332,40,358,30,341,36,365,58,,
52,281,133,58,40,130,170,342,52,132,48,321,44,26,321,125,44,297,365,458,43,,
159,54,66,325,278,246,365,119,43,20,129,43,121,54,278,20,414,133,58,388,20,ψ,
471,54,365,426,321,52,20,139,44,471,44,342,189,420,119,48,341,119,56,321,365,,
113,359,41,56,341,58,113,52,458,ψ,159,43,395,349,365,471,54,299,ψ,365,95,42,
280,32,349,20,49,471,ψ,28,378,36,32,349,28,375,115,66,365,471,311,125,42,139,
365,52,102,44,105,321,189,471,44,287,208,20,70,184,361,365,181,365,122,36,58,,
321,236,342,28,321,189,471,54,328,ψ,66,471,43,190,ψ,405,105,125,44,,,,
24,348,113,133,62,348,269,112,44,36,44,68,351,24,392,201,213,342,236,26,321,,
54,102,40,213,48,348,68,202,420,213,236,222u,52,232,471,378,44,223,48,351,365,,
44,105,170,278,26,130,20,307,41,365,125,44,105,52,56,124,223,28,129,349,44,,
105,66,358,335,324,52,334,331,44,66,296,41,358,335,186,20,122,359,52,20,348,,
426,24,392,177u,46,36,ψ,420,107,321,11’,410,132,370,342,20,368,332,66,184,95,,
43,281,213,43,130,48,311,24,342,95,22,358,66,125,44,113,339,22,358,365,43,358,
113,41,358,335,311,369,58,115,184,310,44,342,446,95,56,365,358,107,321,370,48,,
321,436,321,44,105,325,20,198,70,246,28,399,236,181,66,405,442,ψ,358,43,462,,
20,129,365,358,43,159,54,181u,46,36,471,ψ,278,246,354,44,365,213,20,113,52,342,
41,346,139,44,471,36,32,349,58,41,201,461,159,181,46,36,471,24,311,36,44,56,
201,358,335,186,349,54,130,365,ψ,198,296,405,348,426,24,392,256,461,299,246,,,
20,70,274,365,66,377,28,174,36,28,349,239,102,213,332,349,54,365,414,48,321,,
64,358,335,311,26,363,46,423,278,349,420,311,471,54,378,36,32,349,52,365,471,,
54,471,44,342,189,ψ,246,20,70,20,129,43,66,358,335,186,20,198,442,288,ψ,377,
28,321,30,358,24,392,113,52,54,348,181,385,70,208,43,95,62,20,349,44,390,385,
58,332,41,281,471,213,26,52,130,119,339,297,41,11’,365,54,377,ψ,28,113,24,447,
54,223,28,129,349,44,105,471,385,36,56,28,60,56,321,ψ,119,189,48,95,58,392,349
52,125,44,56,321,358,325,41,105,201,358,335,280,348,123,115,359,236,56,321,,,
342,236,26,311,184,382,281,420,311,124,269,358,335,311,26,363,46,54,423,95,41,,
278,349,56,236,26,311,191,40,296,41,405,358,370,342,215,66,208,385,36,ψ,139,,
44,471,32,349,58,52,420,223,36,44,237,109,392,121,28,213,107,321,236,290,58,,
365,139,56,ψ,358,310,52,56,311,36,56,365,269,358,335,311,26,363,46,ψ,423,112,
58,54,11’,28,60,332,331,28,41,20,48,280,321,44,189,102,42,48,358,278,95,24,447
374,365,43,48,331,56,66,365,446,349,54,471,66,349,471,52,130,280,ψ,28,378,36,
32,349,26,246,321,11’,290,58,385,58,22,358,278,246,237,112,58,22,125,44,349,,
58,60,239,378,52,43,281,20,48,331,ψ,125,44,446,20,44,105,20,348,129,342,,
28,365,201,40,231,44,278,246,20,54,471,ψ,127,20,357,74,278,246,339,,,,
362,321,358,189,446,74,66,32,378,331,216,66,113,58,56,246,321,30,348,56,332,,
66,28,125,58,332,278,246,310,320,348,36,321,66,20,42,344,342,216,150,56,321,,
119,122,321,66,325,278,20,246,28,442,28,461,123,28,178,216,365,335,20,56,66,,
348,52,24,447,113,54,24,447,438,246,20,70,113,379,ψ,132,290,36,349,278,43,246,
129,ψ,236,332,43,332,365,365,113,359,41,11’,288,410,105,211,436,311,281,123,58,,
311,124,28,24,348,56,66,322,24,447,311,365,287,32,349,52,358,68,36,119,,,
66,348,129,342,28,365,442,358,139,44,365,66,365,107,321,11’,28,377,28,365,43,,
280,44,105,301,278,54,130,339,362,321,358,189,20,103,321,278,20,48,341,129,20,,
289,348,109,52,211,471,365,394,66,20,139,62,365,321,24,447,52,24,447,41,102,,
44,105,321,189,348,129,342,28,365,223,28,129,349,44,105,66,325,278,349,449,20,,
258,109,44,201,365,101,20’,20,72,281,20,48,331,ψ,11’,28,236,342,28,321,125,44,
446,154,105,236,449,208,54,290,321,281,20,307,311,122,52,105,348,365,56,321,,,
ψ,354,44,349,456,62,278,109,146,365,ψ,398,43,420,358,54,335u,58,60,177u,46,,
36,ψ,365,119,54,20,129,43,121,54,66,420,365,107,321,129,216,206,52,236,325,,
52,105,124,348,426,24,392,177u,46,36,471,208,358,ψ,438,20,62,455,28,43,20,95,
24,447,56,133,348,70,66,198,62,107,56,112,44,28,378,297,370,442,358,375,56,,
335,20,246,28,28,358,113,20,280,331,54,470,348,468,113,375,54,32,311,105,365,,
112,44,290,321,66,206,332,379,370,40,234,201,348,177,455u,46,36,56,,,,,
236,105,462,348,20,348,451,378,58,62,471,105,201,348,321,44,395,20,54,471,,,
ψ,20,436,24,392,28,20,348,177,239,365,101,11’,20,44,278,359,20,342,236,201,,
358,335,280,348,123,115,359,66,358,ψ,229,54,365,40,356,20,175,285,339,208,70,,
107,56,420,348,56,342,321,41,405,458,298,66,420,40,160,74,20,341,42,321,40,,
246,341,36,56,325,52,105,281,113,58,56,414,124,139,62,325,278,246,208,58,349,,
66,405,11’,310,68,28,236,342,28,321,189,125,44,56,331,364,74,20,40,266,395,,
44,361,365,181,211,471,311,442,288,54,11’,298,56,321,43,123,30,420,348,177,,,
198,133,36,43,48,341,310,471,20,348,285,201,378,44,133,58,388,56,107,321,348,,
365,290,44,471,365,44,56,321,332,359,41,184,125,40,358,297,66,20,348,95,365,,
129,28,365,280,331,ψ,471,54,12’,447,331,342,74,43,211,112,70,471,ψ,349,113,,
58,60,66,365,348,52,24,113,54,201,48,311,64,139,43,423,211,184,130,414,119,331,
332,365,348,177,95,52,358,335,246,358,365,52,359,74,365,348,299,311,,,,,
26,363,ψ,423,66,175,365,280,44,471,339,58,52,130,280,43,28,60,105,365,13’,36’,
38’,236,12’,20,44,54,66,120,40,184,41,130,321,56,341,58,113,28,405,112,44,462,
358,375,56,335,246,20,70,347,216,66,30,348,56,332,365,43,136,ψ,208,349,43,,
95,62,102,120,184,311,107,56,321,30,358,24,392,122,52,105,201,198,62,109,44,,
365,20,105,56,28,287,52,26,198,107,56,237,332,189,321,125,42,119,44,365,41,,
20,269,358,335,311,26,363,46,54,423,370,458,ψ,159,43,181,46,36,471,ψ,358,54,
298,ψ,365,269,365,404,66,461,380,325,358,232,249,201,358,369,58,113,184,410,,,
310,58,133,36,56,20,203,365,321,280,321,52,368,44,238,321,107,332,184,361,365,,
181,66,20,461,285,46,44,349,112,58,43,358,365,52,359,74,310,44,342,446,95,56,
198,62,107,56,348,321,125,42,119,44,355,392,20,269,358,335,420,,,,,,
258,125,44,26,123,68,28,201,213,112,58,437,36,56,332,ψ,278,109,332,139,,,
36,32,349,246,321,236,271,296,189,26,134,125,332,208,322,24,447,311,62,365,,,
358,365,332,52,129,349,41,420,358,223,150,102,40,236,119,36,349,11’,375,115,,,
201,105,112,36,56,11’,138,184,201,40,213,101,102,28,54,48,321,44,26,321,,,
125,44,446,154,105,,,,,,,,,,,,,,,,,,
