doubled_token,doubles,triples,constraint,excluded_token,direction,count
"cc,o,x",23,yes,quad_only,"N,o,x",before,1
"cc,o,x",23,yes,quad_only,"o,N,cc,o,x,N,c^c",before,1
"cc,o,x",23,yes,quad_only,"4,o",before,1
"cc,o,x",23,yes,quad_only,"o,M,cc,o,x,o,c,M,c,o,x",before,1
"cc,o,x",23,yes,quad_only,"2",before,1
"cc,o,x",23,yes,quad_only,"8,a,Z,9",before,1
"cc,o,x",23,yes,quad_only,"c^c,o,x",before,1
"cc,o,x",23,yes,quad_only,"o,N,9",before,1
"cc,o,x",23,yes,quad_only,"o,N,a,x",before,1
"cc,o,x",23,yes,quad_only,"4,o,N,a,m",before,1
"cc,o,x",23,yes,quad_only,"c,M,c,a,m",before,1
"cc,o,x",23,yes,quad_only,"cc,c,M,9",before,1
"cc,o,x",23,yes,quad_only,"o",before,1
"cc,o,x",23,yes,quad_only,"o,Z",before,1
"cc,o,x",23,yes,quad_only,"o,cc,c,9",before,1
"cc,o,x",23,yes,quad_only,"o,M,cc,o,x",before,1
"cc,o,x",23,yes,quad_only,"2,o,N,cc,o,x",before,1
"cc,o,x",23,yes,quad_only,"o,M,a,Z",before,1
"cc,o,x",23,yes,quad_only,"4,o,N,cc,o,8,9",before,1
"cc,o,x",23,yes,quad_only,"c^c,o,N",before,1
"cc,o,x",23,yes,quad_only,"c^c,o,x,8,9",before,1
"cc,o,x",23,yes,quad_only,"N,o,Z",after,2
"cc,o,x",23,yes,quad_only,"c,M,c,a,m",after,1
"cc,o,x",23,yes,quad_only,"c,M,cc,9",after,1
"cc,o,x",23,yes,quad_only,"cc,o,8,9",after,2
"cc,o,x",23,yes,quad_only,"c,M,c,9",after,2
"cc,o,x",23,yes,quad_only,"c^c,o,x",after,1
"cc,o,x",23,yes,quad_only,"8,x",after,1
"cc,o,x",23,yes,quad_only,"cc,o,N,9",after,1
"cc,o,x",23,yes,quad_only,"9,N,a,m",after,1
"cc,o,x",23,yes,quad_only,"cc,o,Z",after,1
"cc,o,x",23,yes,quad_only,"8,a,n",after,1
"cc,o,x",23,yes,quad_only,"c,N,c,o,x",after,1
"cc,o,x",23,yes,quad_only,"4,o,M,cc,c,9",after,1
"cc,o,x",23,yes,quad_only,"8,a,m",after,2
"cc,o,x",23,yes,quad_only,"N,a,Q",after,1
"cc,o,x",23,yes,quad_only,"4,o,N,9",after,1
"cc,o,x",23,yes,quad_only,"9,N,c,c,o,x",after,1
"4,o,N,c,c,8,9",19,yes,quad_only,"x,o,x",before,1
"4,o,N,c,c,8,9",19,yes,quad_only,"x,c^c,c,c,9",before,1
"4,o,N,c,c,8,9",19,yes,quad_only,"cc,c,c,o,x",before,1
"4,o,N,c,c,8,9",19,yes,quad_only,"4,o,M,c,8,9",before,1
"4,o,N,c,c,8,9",19,yes,quad_only,"o,M,a,Z,a,Q",before,1
"4,o,N,c,c,8,9",19,yes,quad_only,"2,o,x,N,c,c,8,9",before,1
"4,o,N,c,c,8,9",19,yes,quad_only,"4,o,N,c,8,9",before,2
"4,o,N,c,c,8,9",19,yes,quad_only,"M,c,c,8,9",before,1
"4,o,N,c,c,8,9",19,yes,quad_only,"4,o,N,c^c,9",before,1
"4,o,N,c,c,8,9",19,yes,quad_only,"o,M,c^c,c,8,9",before,1
"4,o,N,c,c,8,9",19,yes,quad_only,"x,cc,c,8,9",before,1
"4,o,N,c,c,8,9",19,yes,quad_only,"8,c^c,c,o,x",before,1
"4,o,N,c,c,8,9",19,yes,quad_only,"c^c,c,c,a,x",before,1
"4,o,N,c,c,8,9",19,yes,quad_only,"c^c,c,a,x",before,1
"4,o,N,c,c,8,9",19,yes,quad_only,"cc,c,o,x",before,1
"4,o,N,c,c,8,9",19,yes,quad_only,"M,c,c,9",before,1
"4,o,N,c,c,8,9",19,yes,quad_only,"o,M,c,8,a,n",before,1
"4,o,N,c,c,8,9",19,yes,quad_only,"4,o,N,c,8,9",after,1
"4,o,N,c,c,8,9",19,yes,quad_only,"4,o,N,a,Z",after,1
"4,o,N,c,c,8,9",19,yes,quad_only,"4,o,M,a,x",after,1
"4,o,N,c,c,8,9",19,yes,quad_only,"4,o,M,c,c,9",after,1
"4,o,N,c,c,8,9",19,yes,quad_only,"4,o,M,a,n",after,1
"4,o,N,c,c,8,9",19,yes,quad_only,"2,a,m",after,1
"4,o,N,c,c,8,9",19,yes,quad_only,"cc,c,8,9",after,2
"4,o,N,c,c,8,9",19,yes,quad_only,"8,N,c,8,9",after,1
"4,o,N,c,c,8,9",19,yes,quad_only,"cc,2,M,9",after,1
"4,o,N,c,c,8,9",19,yes,quad_only,"c^c,o,x",after,1
"4,o,N,c,c,8,9",19,yes,quad_only,"x,cc,8,9",after,1
"4,o,N,c,c,8,9",19,yes,quad_only,"4,o,N,c,o",after,1
"4,o,N,c,c,8,9",19,yes,quad_only,"cc,c,9",after,1
"4,o,N,c,c,8,9",19,yes,quad_only,"4,o,M,c,9",after,1
"4,o,N,c,c,8,9",19,yes,quad_only,"4,o,N,c,9",after,1
"4,o,N,c,c,8,9",19,yes,quad_only,"cc,c,a,x",after,1
"4,o,N,c,c,8,9",19,yes,quad_only,"4,o,M,c,8,9",after,1
"8,a,m",16,no,no_triple,"9,M,o,Z",before,1
"8,a,m",16,no,no_triple,"4,o,M,o,x",before,1
"8,a,m",16,no,no_triple,"cc,o,x",before,1
"8,a,m",16,no,no_triple,"c,M,c,a,n",before,1
"8,a,m",16,no,no_triple,"cc,o",before,1
"8,a,m",16,no,no_triple,"4,o,M,c^c,c,9",before,1
"8,a,m",16,no,no_triple,"o,M,cc,o,x",before,1
"8,a,m",16,no,no_triple,"o,N,c,c,9",before,1
"8,a,m",16,no,no_triple,"o,9,M,c,c,9",before,1
"8,a,m",16,no,no_triple,"c,P2,c,9",before,1
"8,a,m",16,no,no_triple,"2,a,i,Z,o,x",before,1
"8,a,m",16,no,no_triple,"cc,c,c,N,9",before,1
"8,a,m",16,no,no_triple,"cc,o,8,9",before,1
"8,a,m",16,no,no_triple,"M,o,x",before,1
"8,a,m",16,no,no_triple,"2,o,Z,a,Z,9",before,1
"8,a,m",16,no,no_triple,"4,o,M,cc,9",before,1
"8,a,m",16,no,no_triple,"o,M,cc,o,Z",after,1
"8,a,m",16,no,no_triple,"4,o,M,cc,9",after,1
"8,a,m",16,no,no_triple,"cc,M,9",after,1
"8,a,m",16,no,no_triple,"c,M,c,a,n",after,1
"8,a,m",16,no,no_triple,"4,o,N,cc,o",after,1
"8,a,m",16,no,no_triple,"cc,N,a,m",after,1
"8,a,m",16,no,no_triple,"c,M,c,o",after,1
"8,a,m",16,no,no_triple,"8,a,n",after,1
"8,a,m",16,no,no_triple,"o,8,9",after,1
"8,a,m",16,no,no_triple,"9",after,1
"8,a,m",16,no,no_triple,"8,a,x",after,1
"8,a,m",16,no,no_triple,"9,M,c,c,2",after,1
"8,a,m",16,no,no_triple,"c^c,o,x",after,1
"8,a,m",16,no,no_triple,"8,a,m,o,8,9",after,1
"8,a,m",16,no,no_triple,"8,c,c,a,Q,cc,o,x",after,1
"8,a,m",16,no,no_triple,"cc,c,o,c,M,c,9",after,1
"o,x",12,yes,quad_only,"a,Z",before,1
"o,x",12,yes,quad_only,"4,o,M,cc,o,8,9",before,1
"o,x",12,yes,quad_only,"a,n",before,1
"o,x",12,yes,quad_only,"cc,c,2",before,1
"o,x",12,yes,quad_only,"x,cc,c,o,x",before,1
"o,x",12,yes,quad_only,"cc,N,a,n",before,1
"o,x",12,yes,quad_only,"o,cc,c,c,9",before,1
"o,x",12,yes,quad_only,"4,o,N,a,n",before,1
"o,x",12,yes,quad_only,"o,N,c,c,9",before,1
"o,x",12,yes,quad_only,"9,a,m",before,1
"o,x",12,yes,quad_only,"8,o,x",after,1
"o,x",12,yes,quad_only,"cc,c,9",after,1
"o,x",12,yes,quad_only,"c^c,c,c,8,9",after,1
"o,x",12,yes,quad_only,"2,o,x,o,Z",after,1
"o,x",12,yes,quad_only,"c^c,c,c,9",after,1
"o,x",12,yes,quad_only,"cc,c,8,9",after,1
"o,x",12,yes,quad_only,"o",after,1
"o,x",12,yes,quad_only,"c,c,M,c,9",after,1
"o,x",12,yes,quad_only,"o,x,a,m",after,2
"4,o,N,c,8,9",12,yes,quad_only,"4,o,N,9",before,1
"4,o,N,c,8,9",12,yes,quad_only,"4,o,N,c,c,8,9",before,1
"4,o,N,c,8,9",12,yes,quad_only,"c^c,c,c,N,c,9",before,2
"4,o,N,c,8,9",12,yes,quad_only,"o,M,c,8,9",before,2
"4,o,N,c,8,9",12,yes,quad_only,"8,a,x",before,1
"4,o,N,c,8,9",12,yes,quad_only,"c^c,c,9",before,1
"4,o,N,c,8,9",12,yes,quad_only,"c^c,c,8,9",before,1
"4,o,N,c,8,9",12,yes,quad_only,"a,x",before,1
"4,o,N,c,8,9",12,yes,quad_only,"4,o,N,a,n",after,1
"4,o,N,c,8,9",12,yes,quad_only,"4,o,N,c,c,8,9",after,1
"4,o,N,c,8,9",12,yes,quad_only,"4,o,N,a,x,9",after,1
"4,o,N,c,8,9",12,yes,quad_only,"x,c^c,c,c,N,c,9",after,1
"4,o,N,c,8,9",12,yes,quad_only,"8,a,x",after,1
"4,o,N,c,8,9",12,yes,quad_only,"2",after,1
"4,o,N,c,8,9",12,yes,quad_only,"8,a,Z",after,1
"4,o,N,c,8,9",12,yes,quad_only,"cc,c,N,c,9",after,1
"4,o,N,c,8,9",12,yes,quad_only,"o,M,a,m",after,1
"4,o,N,c,8,9",12,yes,quad_only,"4,o,N,a,x",after,1
"4,o,N,c,c,9",12,no,no_triple,"4,o,N,c,c,8",before,1
"4,o,N,c,c,9",12,no,no_triple,"4,o,x,cc,c,9",before,1
"4,o,N,c,c,9",12,no,no_triple,"c^c,c,8,9",before,1
"4,o,N,c,c,9",12,no,no_triple,"4,o,M,o,x,a,m",before,1
"4,o,N,c,c,9",12,no,no_triple,"cc,c,8,9",before,3
"4,o,N,c,c,9",12,no,no_triple,"8,9",before,1
"4,o,N,c,c,9",12,no,no_triple,"a,Z,o,8,9",before,1
"4,o,N,c,c,9",12,no,no_triple,"4,o",before,1
"4,o,N,c,c,9",12,no,no_triple,"4,o,M,c,9",before,1
"4,o,N,c,c,9",12,no,no_triple,"x,o,M,9",before,1
"4,o,N,c,c,9",12,no,no_triple,"o,M,c,9",after,1
"4,o,N,c,c,9",12,no,no_triple,"cc,c,8,9",after,1
"4,o,N,c,c,9",12,no,no_triple,"o,x",after,1
"4,o,N,c,c,9",12,no,no_triple,"c^c,N,cc,9",after,1
"4,o,N,c,c,9",12,no,no_triple,"x,cc,c,8,9",after,1
"4,o,N,c,c,9",12,no,no_triple,"8,a,m",after,1
"4,o,N,c,c,9",12,no,no_triple,"P2,o,Z,a,n",after,1
"4,o,N,c,c,9",12,no,no_triple,"4,o,N,c,c,8,9",after,1
"4,o,N,c,c,9",12,no,no_triple,"o,M,c,8,9",after,1
"4,o,N,c,c,9",12,no,no_triple,"Z,a,x",after,1
"4,o,N,c,c,9",12,no,no_triple,"x,a,c,8,9",after,1
"4,o,N,c,c,9",12,no,no_triple,"cc,8,a,x,9",after,1
"cc,c,8,9",10,no,no_triple,"4,o,N,c,8,9",before,1
"cc,c,8,9",10,no,no_triple,"4,o,N,o,x",before,1
"cc,c,8,9",10,no,no_triple,"4,o,N,a,x",before,1
"cc,c,8,9",10,no,no_triple,"o,N,a,x",before,1
"cc,c,8,9",10,no,no_triple,"4,o,N,8,9",before,1
"cc,c,8,9",10,no,no_triple,"cc,c,8",before,1
"cc,c,8,9",10,no,no_triple,"o,N,a,n",before,2
"cc,c,8,9",10,no,no_triple,"x",before,1
"cc,c,8,9",10,no,no_triple,"o,N,o,x",before,1
"cc,c,8,9",10,no,no_triple,"4,o,N,a,n",after,1
"cc,c,8,9",10,no,no_triple,"x,cc,9",after,1
"cc,c,8,9",10,no,no_triple,"8,a,m",after,1
"cc,c,8,9",10,no,no_triple,"o,x,4,o,N,a,Z",after,1
"cc,c,8,9",10,no,no_triple,"8,a,x",after,1
"cc,c,8,9",10,no,no_triple,"4,o,M,a,Z",after,1
"cc,c,8,9",10,no,no_triple,"M,c,c,9",after,1
"cc,c,8,9",10,no,no_triple,"cc,c,8,9,M,c,o,N,a,n",after,1
"cc,c,8,9",10,no,no_triple,"M,c,c,8,9",after,1
"cc,c,8,9",10,no,no_triple,"2,o,Z",after,1
"a,Z",9,no,no_triple,"2",before,1
"a,Z",9,no,no_triple,"N,a,Z",before,1
"a,Z",9,no,no_triple,"o,M,c,a,Z",before,1
"a,Z",9,no,no_triple,"c^c,c,9",before,1
"a,Z",9,no,no_triple,"x,N,a,i,Z",before,1
"a,Z",9,no,no_triple,"9,N,c,8,o,Z",before,1
"a,Z",9,no,no_triple,"4,o,N,a,Z",before,1
"a,Z",9,no,no_triple,"o,M,c,8,9",before,1
"a,Z",9,no,no_triple,"c^c,c,c,9",before,1
"a,Z",9,no,no_triple,"o,M,c,c,9",after,1
"a,Z",9,no,no_triple,"c^c,c",after,1
"a,Z",9,no,no_triple,"N,c,c,9",after,1
"a,Z",9,no,no_triple,"o,N,9",after,1
"a,Z",9,no,no_triple,"a,8,a,Q",after,1
"a,Z",9,no,no_triple,"a,x,N,a,i,Z",after,1
"a,Z",9,no,no_triple,"a,n",after,1
"a,Z",9,no,no_triple,"o,N,c,c,8,9",after,1
"a,Z",9,no,no_triple,"a,m",after,1
"c^c,c,8,9",9,no,no_triple,"4,o,M,c,c,8,9",before,1
"c^c,c,8,9",9,no,no_triple,"9,M,a,Z,o,8,9",before,1
"c^c,c,8,9",9,no,no_triple,"4,o,N,a,Z",before,2
"c^c,c,8,9",9,no,no_triple,"4,o,o,x,N,a,x",before,1
"c^c,c,8,9",9,no,no_triple,"4,o,N,a,x",before,1
"c^c,c,8,9",9,no,no_triple,"o,M,a,n",before,1
"c^c,c,8,9",9,no,no_triple,"8,o,x",before,1
"c^c,c,8,9",9,no,no_triple,"o,N,a,m",before,1
"c^c,c,8,9",9,no,no_triple,"o,x",after,1
"c^c,c,8,9",9,no,no_triple,"8,a,i,Z",after,1
"c^c,c,8,9",9,no,no_triple,"x,c^c,c,8,9",after,1
"c^c,c,8,9",9,no,no_triple,"4,o,N,a,Z",after,1
"c^c,c,8,9",9,no,no_triple,"c^c,c,9",after,1
"c^c,c,8,9",9,no,no_triple,"cc,c,8,9",after,1
"c^c,c,8,9",9,no,no_triple,"8,a,x",after,1
"c^c,c,8,9",9,no,no_triple,"8,9",after,1
"c^c,c,8,9",9,no,no_triple,"4,o,N,a,m",after,1
"8,9",8,yes,quad_only,"9,M,9",before,1
"8,9",8,yes,quad_only,"cc,o,x",before,1
"8,9",8,yes,quad_only,"8,o,x",before,1
"8,9",8,yes,quad_only,"cc,o,N,cc,9",before,1
"8,9",8,yes,quad_only,"2",before,1
"8,9",8,yes,quad_only,"8,a,m",before,1
"8,9",8,yes,quad_only,"9,M,cc,8,9",before,1
"8,9",8,yes,quad_only,"2,o,Z",after,1
"8,9",8,yes,quad_only,"4,o,N,cc,o,Z",after,1
"8,9",8,yes,quad_only,"o,N,cc,9",after,1
"8,9",8,yes,quad_only,"cc,c,N,c,9",after,1
"8,9",8,yes,quad_only,"9,N,c,c,cc,9",after,1
"8,9",8,yes,quad_only,"8,a,Z",after,1
"8,9",8,yes,quad_only,"cc,c,Q",after,1
"o,N,a,m",6,yes,quad_only,"8,c^c,9",before,1
"o,N,a,m",6,yes,quad_only,"cc,c,N,a,Z",before,1
"o,N,a,m",6,yes,quad_only,"8,a,n",before,1
"o,N,a,m",6,yes,quad_only,"x,o",before,1
"o,N,a,m",6,yes,quad_only,"cc,c,o,8,9",before,1
"o,N,a,m",6,yes,quad_only,"cc,o,x",after,1
"o,N,a,m",6,yes,quad_only,"8,a,m",after,1
"o,N,a,m",6,yes,quad_only,"8,a,Z,a,Q",after,1
"o,N,a,m",6,yes,quad_only,"cc,c,c,N,9",after,1
"o,N,a,m",6,yes,quad_only,"o,M,a,Z",after,1
"c^c,o,x",5,no,no_triple,"8,c^c,o,Z",before,1
"c^c,o,x",5,no,no_triple,"c^c,o,Z",before,1
"c^c,o,x",5,no,no_triple,"c^c,o,M",before,1
"c^c,o,x",5,no,no_triple,"c^c,o,x,a,m",before,1
"c^c,o,x",5,no,no_triple,"c,P2,c,o,x",before,1
"c^c,o,x",5,no,no_triple,"c,M,c,o,x",after,1
"c^c,o,x",5,no,no_triple,"c,M,c,9",after,1
"c^c,o,x",5,no,no_triple,"8,a,m",after,1
"c^c,o,x",5,no,no_triple,"cc,8,9",after,1
"c^c,o,x",5,no,no_triple,"4,o,c,N,c,o,x",after,1
"cc,o,Z",5,no,no_triple,"cc,c,N,c,9",before,1
"cc,o,Z",5,no,no_triple,"4,o,M,o,Z",before,1
"cc,o,Z",5,no,no_triple,"8,o,m",before,1
"cc,o,Z",5,no,no_triple,"4,o,M",before,1
"cc,o,Z",5,no,no_triple,"N,c,o,8,9",before,1
"cc,o,Z",5,no,no_triple,"N,a,Z",after,1
"cc,o,Z",5,no,no_triple,"c^c,c,c,9",after,1
"cc,o,Z",5,no,no_triple,"cc,o,N,o,Z",after,1
"cc,o,Z",5,no,no_triple,"N,a,x",after,1
"cc,8,9",5,no,no_triple,"c^c,c,8,9",before,1
"cc,8,9",5,no,no_triple,"o,N,a,Z",before,1
"cc,8,9",5,no,no_triple,"o,N,c,8,9",before,1
"cc,8,9",5,no,no_triple,"o,x",before,1
"cc,8,9",5,no,no_triple,"4,o,M,a,Z",before,1
"cc,8,9",5,no,no_triple,"2,cc,9",after,1
"cc,8,9",5,no,no_triple,"o,x,8,9",after,1
"cc,8,9",5,no,no_triple,"o,M,a,x",after,1
"cc,8,9",5,no,no_triple,"4,o,N,a,m",after,1
"cc,8,9",5,no,no_triple,"4,o,N,a,Z",after,1
"4,o,x",5,no,no_triple,"8,a,x",before,1
"4,o,x",5,no,no_triple,"c^c,c,N,c,9",before,1
"4,o,x",5,no,no_triple,"cc,c,8,9",before,2
"4,o,x",5,no,no_triple,"9",before,1
"4,o,x",5,no,no_triple,"o,x",after,1
"4,o,x",5,no,no_triple,"o,M,c,c,8,9",after,1
"4,o,x",5,no,no_triple,"cc,c,8,9",after,1
"4,o,x",5,no,no_triple,"c^c,c,c,M,9,c,9",after,1
"4,o,x",5,no,no_triple,"N,a,n",after,1
"o,N,c,c,9",5,no,no_triple,"8,a,i,Z,n",before,1
"o,N,c,c,9",5,no,no_triple,"a,Z,a,Z",before,1
"o,N,c,c,9",5,no,no_triple,"4,o,N,c,c,c,9",before,1
"o,N,c,c,9",5,no,no_triple,"c^c,c,c,N,9",before,1
"o,N,c,c,9",5,no,no_triple,"a,n",before,1
"o,N,c,c,9",5,no,no_triple,"8,a,i,Z,n",after,1
"o,N,c,c,9",5,no,no_triple,"x,cc,c,8,9",after,1
"o,N,c,c,9",5,no,no_triple,"4,a,a,x",after,1
"o,N,c,c,9",5,no,no_triple,"c^c,9",after,1
"8,a,Z",4,no,no_triple,"cc,c,M,c,9",before,1
"8,a,Z",4,no,no_triple,"4,o,N,a,n",before,1
"8,a,Z",4,no,no_triple,"o,M,a,Z",before,2
"8,a,Z",4,no,no_triple,"8,a,x",after,1
"8,a,Z",4,no,no_triple,"c^c,c,8,9",after,1
"8,a,Z",4,no,no_triple,"8,9",after,1
"8,a,Z",4,no,no_triple,"c^c,c,o,Z",after,1
"o,N,c,8,9",4,no,no_triple,"c^c,2,o",before,1
"o,N,c,8,9",4,no,no_triple,"o,Z,o,Z",before,1
"o,N,c,8,9",4,no,no_triple,"o,M,c,8,9",before,1
"o,N,c,8,9",4,no,no_triple,"o,N,a,Z",before,1
"o,N,c,8,9",4,no,no_triple,"4,o,N,c,8,9",after,2
"o,N,c,8,9",4,no,no_triple,"o,M,8,9",after,1
"o,N,c,8,9",4,no,no_triple,"cc,x,a,Z",after,1
"o,M,a,m",4,no,no_triple,"9,M,o,m",before,1
"o,M,a,m",4,no,no_triple,"8,a,m",before,1
"o,M,a,m",4,no,no_triple,"cc,c,N,c,a,m",before,1
"o,M,a,m",4,no,no_triple,"c,M,c,a,Z",after,1
"o,M,a,m",4,no,no_triple,"9,P2,cc,c,2,9",after,1
"o,M,a,m",4,no,no_triple,"9,P1,o,x,a,m",after,1
"o,M,a,m",4,no,no_triple,"a,Z",after,1
"cc,c,a,Z",3,no,no_triple,"cc,a,Z",before,1
"cc,c,a,Z",3,no,no_triple,"a,x",before,1
"cc,c,a,Z",3,no,no_triple,"o,M,a,x",before,1
"cc,c,a,Z",3,no,no_triple,"o,M,c,c,9",after,1
"cc,c,a,Z",3,no,no_triple,"cc,o,Z",after,1
"cc,c,a,Z",3,no,no_triple,"o,N,c,8,9",after,1
"cc,9",3,no,no_triple,"8,a,m",before,1
"cc,9",3,no,no_triple,"cc,o,N,cc,2,9",before,1
"cc,9",3,no,no_triple,"cc,o,Z",before,1
"cc,9",3,no,no_triple,"cc,o,N,cc,2,9",after,1
"cc,9",3,no,no_triple,"cc,c,N,9",after,1
"cc,9",3,no,no_triple,"cc,o,N,cc,c,9",after,1
"a,x",3,no,no_triple,"o,N,c,c,2",before,1
"a,x",3,no,no_triple,"4,o,N,a,m",before,1
"a,x",3,no,no_triple,"8,a,n",before,1
"a,x",3,no,no_triple,"cc,c,8,a,n",after,1
"a,x",3,no,no_triple,"N,a,x,o,2",after,1
"a,x",3,no,no_triple,"N,c,c,8,9",after,1
"4,o,M,c,8,9",3,no,no_triple,"4,o,N,c,c,9",before,1
"4,o,M,c,8,9",3,no,no_triple,"4,o,P2,c^c,c,8,9",before,1
"4,o,M,c,8,9",3,no,no_triple,"cc,c,8,9",before,1
"4,o,M,c,8,9",3,no,no_triple,"4,o,M,a,Z,9",after,1
"4,o,M,c,8,9",3,no,no_triple,"4,o,N,c,8,9",after,1
"4,o,M,c,8,9",3,no,no_triple,"cc,2,8,9",after,1
"4,o,N,a,n",3,no,no_triple,"c^c,c,c,9",before,1
"4,o,N,a,n",3,no,no_triple,"cc,c,c,M,c,9",before,1
"4,o,N,a,n",3,no,no_triple,"4,o,Z,c^c,9",before,1
"4,o,N,a,n",3,no,no_triple,"c^c,c,o,x",after,1
"4,o,N,a,n",3,no,no_triple,"cc,c,c,M,c,9",after,1
"4,o,N,a,n",3,no,no_triple,"cc,c,P2",after,1
"4,o,N,a,x",3,no,no_triple,"2,o,c,N,c,c,9",before,1
"4,o,N,a,x",3,no,no_triple,"cc,c,o,x",before,1
"4,o,N,a,x",3,no,no_triple,"4,o,N,a,Z",before,1
"4,o,N,a,x",3,no,no_triple,"c^c,c,8,9",after,1
"4,o,N,a,x",3,no,no_triple,"cc,c,c,M,9",after,1
"4,o,N,a,x",3,no,no_triple,"cc,c,o,8,9",after,1
"o,M,a,n",3,no,no_triple,"4,o,N,a,n",before,1
"o,M,a,n",3,no,no_triple,"M,c,8,9",before,1
"o,M,a,n",3,no,no_triple,"o,M,a,x",after,1
"o,M,a,n",3,no,no_triple,"o,M,a,x,9",after,1
"o,M,a,n",3,no,no_triple,"a,Z",after,1
"c,M,c,a,Z",2,no,no_triple,"a,i,2",before,1
"c,M,c,a,Z",2,no,no_triple,"o,cc,9",before,1
"c,M,c,a,Z",2,no,no_triple,"8,a,i",after,1
"c,M,c,a,Z",2,no,no_triple,"c,M,c,9",after,1
"c^c,o",2,no,no_triple,"cc,o,x,8,9",before,1
"c^c,o",2,no,no_triple,"cc,c,c,o,8,a,Q",before,1
"c^c,o",2,no,no_triple,"cc,a,m",after,1
"c^c,o",2,no,no_triple,"8,9",after,1
"8,a,x",2,no,no_triple,"4,o,8,a,n,N,c,9",before,1
"8,a,x",2,no,no_triple,"N,c,8,9",before,1
"8,a,x",2,no,no_triple,"8,o,x",after,1
"c^c,o,Z",2,no,no_triple,"c^c,o,c,M,c,9",before,1
"c^c,o,Z",2,no,no_triple,"cc,o,m",before,1
"c^c,o,Z",2,no,no_triple,"8,a,m",after,1
"c^c,o,Z",2,no,no_triple,"c^c,9",after,1
"c,N,c,c,9",2,no,no_triple,"8,cc,c,c,9",before,1
"c,N,c,c,9",2,no,no_triple,"cc,N,c,c,9",before,1
"c,N,c,c,9",2,no,no_triple,"8,a,m",after,1
"c,N,c,c,9",2,no,no_triple,"9,N,c,c,9",after,1
"8,a,n",2,no,no_triple,"8,a,m+",before,1
"8,a,n",2,no,no_triple,"4,o,N,a,x",before,1
"8,a,n",2,no,no_triple,"8,a,m",after,1
"8,a,n",2,no,no_triple,"o",after,1
"cc,c,9",2,no,no_triple,"o,x",before,2
"cc,c,9",2,no,no_triple,"N,cc,9",after,1
"cc,c,9",2,no,no_triple,"cc,o,x",after,1
"4,o,N,cc,8,9",2,no,no_triple,"cc,c,N,c,9",before,1
"4,o,N,cc,8,9",2,no,no_triple,"c^c,c,o,x",before,1
"4,o,N,cc,8,9",2,no,no_triple,"o,N,a,Z",after,1
"4,o,N,cc,8,9",2,no,no_triple,"4,o,M,9",after,1
"o,M,a,Z",2,no,no_triple,"8,cc,a,i,Z,a,Q",before,1
"o,M,a,Z",2,no,no_triple,"8,a,n",before,1
"o,M,a,Z",2,no,no_triple,"cc,a,Z",after,1
"o,M,a,Z",2,no,no_triple,"a,Z",after,1
"N,a,x",2,no,no_triple,"cc,c,N,c,9",before,1
"N,a,x",2,no,no_triple,"a,Z",before,1
"N,a,x",2,no,no_triple,"8,a,Z",after,1
"N,a,x",2,no,no_triple,"4,o,M,a,n",after,1
"o,Z",2,no,no_triple,"c^c,c,c,9",before,2
"o,Z",2,no,no_triple,"a,x",after,1
"o,Z",2,no,no_triple,"a,m",after,1
"4,o,P2,cc,c,8,9",2,no,no_triple,"c,c,c,9",before,1
"4,o,P2,cc,c,8,9",2,no,no_triple,"c,N,c,o,Z",before,1
"4,o,P2,cc,c,8,9",2,no,no_triple,"8,9,x,cc,c,2",after,1
"4,o,P2,cc,c,8,9",2,no,no_triple,"4,o,N,cc,c,8,9",after,1
"4,o,M,c,c,8,9",2,no,no_triple,"x,o,x",before,1
"4,o,M,c,c,8,9",2,no,no_triple,"4,o,N,c,8,9",before,1
"4,o,M,c,c,8,9",2,no,no_triple,"P2,cc,c,8,a,x",after,1
"4,o,N,a,m",2,no,no_triple,"4,o,x,cc,c,8,9",before,1
"4,o,N,a,m",2,no,no_triple,"cc,c,N,c,9",before,1
"4,o,N,a,m",2,no,no_triple,"cc,c,c,N,c,9",after,1
"c^c,a,Z",2,no,no_triple,"P2,o,x",before,1
"c^c,a,Z",2,no,no_triple,"8,x,a,Z",before,1
"c^c,a,Z",2,no,no_triple,"P2,cc,c,9",after,1
"c^c,a,Z",2,no,no_triple,"Z",after,1
"o,x,N,a,n",2,no,no_triple,"4,o,N,a,n",before,1
"o,x,N,a,n",2,no,no_triple,"2,a,Z",before,1
"o,x,N,a,n",2,no,no_triple,"o,x",after,1
"o,x,N,a,n",2,no,no_triple,"a,x",after,1
"o,M,a,x",2,no,no_triple,"4,o,N,a,n",before,1
"o,M,a,x",2,no,no_triple,"cc,c,c,9",before,1
"o,M,a,x",2,no,no_triple,"x,M",after,1
"o,M,a,x",2,no,no_triple,"o,x",after,1
"4,o,N,o,x",2,no,no_triple,"cc,o,x",before,1
"4,o,N,o,x",2,no,no_triple,"4,o,M,o,x",before,1
"4,o,N,o,x",2,no,no_triple,"cc,o,x",after,1
"4,o,N,o,x",2,no,no_triple,"8,a,m",after,1
"o,N,c,9",2,no,no_triple,"4,o,N,c,o,x",before,1
"o,N,c,9",2,no,no_triple,"c,c,c,9",before,1
"o,N,c,9",2,no,no_triple,"N,c,c,9",after,1
"o,N,c,9",2,no,no_triple,"o,N,c,c,9",after,1
"o,N,c,o,x",2,no,no_triple,"4,o,N,c,o,x",before,1
"o,N,c,o,x",2,no,no_triple,"o,N,c,o,Z",before,1
"o,N,c,o,x",2,no,no_triple,"c^c,o,N,o,x",after,1
"o,N,c,o,x",2,no,no_triple,"c^c,9",after,1
"cc,c,o,x",2,no,no_triple,"9",before,1
"cc,c,o,x",2,no,no_triple,"M,a,i,Z",before,1
"cc,c,o,x",2,no,no_triple,"8,o,n,Z",after,1
"cc,c,o,x",2,no,no_triple,"N,cc,c,N,a,n",after,1
"c^c,c,o,x",2,yes,quad_only,"c^c,o,Z",before,1
"c^c,c,o,x",2,yes,quad_only,"4,o,N,cc,c,8,9",after,1
"a,n",2,no,no_triple,"cc,c,2",before,2
"a,n",2,no,no_triple,"a,x,9",after,1
"a,n",2,no,no_triple,"a,x",after,1
"N,c,c,9",1,no,no_triple,"o,N,cc,c,9",before,1
"N,c,c,9",1,no,no_triple,"8,a,x",after,1
"cc,a,Q",1,no,no_triple,"cc,a,x",before,1
"cc,a,Q",1,no,no_triple,"cc,o",after,1
"cc,a,m",1,no,no_triple,"2,o,m",before,1
"cc,a,m",1,no,no_triple,"8,a,m",after,1
"8,o,x",1,no,no_triple,"c^c,o,M,cc,o",before,1
"8,o,x",1,no,no_triple,"8,o,Z",after,1
"N,cc,o,x",1,no,no_triple,"M,c^c,9",before,1
"N,cc,o,x",1,no,no_triple,"8,P2,cc,9",after,1
"N,cc,9",1,no,no_triple,"cc,9",before,1
"N,cc,9",1,no,no_triple,"9,N,c,o,8,9",after,1
"4,o,N,cc,9",1,no,no_triple,"o,N,c^c,9",before,1
"4,o,N,cc,9",1,no,no_triple,"2",after,1
"4,o,N,9",1,no,no_triple,"o,Z,c^c,9",before,1
"4,o,N,9",1,no,no_triple,"cc,N,cc,9",after,1
"4,o,M,cc,9",1,no,no_triple,"8,a,m",before,1
"4,o,M,cc,9",1,no,no_triple,"8,a,m",after,1
"c^c,9",1,no,no_triple,"o,M,cc,9",before,1
"c^c,9",1,no,no_triple,"8,cc,9",after,1
"o,M,cc,o,Z",1,no,no_triple,"cc,9,4,o,x,8,9",before,1
"o,M,cc,o,Z",1,no,no_triple,"c,M,c,o,x",after,1
"c,M,c,o,x",1,no,no_triple,"c^c,o,Z",before,1
"c,M,c,o,x",1,no,no_triple,"c^c,o,Z",after,1
"N,c^c,o",1,no,no_triple,"cc,N,c,c,9",before,1
"N,c^c,o",1,no,no_triple,"N,c,c,o,Z",after,1
"cc,c,M,c,o",1,no,no_triple,"4,o,M,cc,9",before,1
"cc,c,M,c,o",1,no,no_triple,"Z,cc,o,8,9",after,1
"o,M,o,Z",1,no,no_triple,"4,o,N,a,x,8,9",before,1
"o,M,o,Z",1,no,no_triple,"o,x,8,a,Z",after,1
"o,N,a,n",1,no,no_triple,"cc,o,Z",before,1
"o,N,a,n",1,no,no_triple,"P1,cc,o,8,9",after,1
"9,M,9",1,no,no_triple,"8,a,x,Z",before,1
"9,M,9",1,no,no_triple,"o,M,9",after,1
"cc,o,N,9",1,no,no_triple,"9,N,o,x",before,1
"cc,o,N,9",1,no,no_triple,"cc,o,x",after,1
"c,M,c,9",1,no,no_triple,"8,a,m",before,1
"c,M,c,9",1,no,no_triple,"9,o,N,a,x,o,8",after,1
"9,N,c,o,x",1,no,no_triple,"N,a,m",before,1
"9,N,c,o,x",1,no,no_triple,"cc,a,Q",after,1
"c^c,c,N,9",1,no,no_triple,"cc,c,N,c,9",before,1
"c^c,c,N,9",1,no,no_triple,"8,a,x,o,c,M,o,c,9",after,1
"8,cc,o,Z",1,no,no_triple,"8,c^c,o",before,1
"8,cc,o,Z",1,no,no_triple,"8,a,m",after,1
"o,N,cc,8,9",1,no,no_triple,"o,x",before,1
"o,N,cc,8,9",1,no,no_triple,"o,M,a,Z",after,1
"o,M,cc,c,9",1,no,no_triple,"9,M,o,8,a,m",before,1
"o,M,cc,c,9",1,no,no_triple,"4,o",after,1
"8,a,Q",1,no,no_triple,"M,o,c^c,c,9",after,1
"N,cc,o,N,a,m",1,no,no_triple,"cc,o,N,cc,9",before,1
"N,cc,o,N,a,m",1,no,no_triple,"o,N,9",after,1
"o,P2,a,m",1,no,no_triple,"c^c,o,N,cc,9",before,1
"o,P2,a,m",1,no,no_triple,"cc,o,P1,a,x,9",after,1
"4,o,N,c,o,8,9",1,no,no_triple,"4,o,N,c,c,o,8,9",before,1
"4,o,N,c,o,8,9",1,no,no_triple,"4,o,N,a,Z",after,1
"o,x,c^c,c,8,9",1,no,no_triple,"4,o,N,a,n",before,1
"o,x,c^c,c,8,9",1,no,no_triple,"4,o,N,a,n",after,1
"o,x,N,c,8,9",1,no,no_triple,"9,N,c,c^c,c,9",before,1
"o,x,N,c,8,9",1,no,no_triple,"4,o,x",after,1
"cc,c,M,c,9",1,no,no_triple,"c^c,c,8,9",before,1
"cc,c,M,c,9",1,no,no_triple,"o,Z",after,1
"9,M,c,8,9",1,no,no_triple,"8,a,Z",after,1
"x,c^c,c,8,9",1,no,no_triple,"4,o,N,c,9",before,1
"x,c^c,c,8,9",1,no,no_triple,"cc,c,8,9",after,1
"4,o,M,9",1,no,no_triple,"4,o,M,c,8,9",before,1
"4,o,M,9",1,no,no_triple,"4,o,M,c,c,9",after,1
"Z,o,x",1,no,no_triple,"x,cc,c,9",before,1
"Z,o,x",1,no,no_triple,"cc,c,c,9",after,1
"c^c,c,N,c,c,8,9",1,no,no_triple,"4,o,N,c,c,8,9",before,1
"c^c,c,N,c,c,8,9",1,no,no_triple,"2,a,m",after,1
"o,M,a,Q",1,no,no_triple,"9,M,a,x",before,1
"o,M,a,Q",1,no,no_triple,"c^c,c,8,9",after,1
"o,M,9",1,no,no_triple,"c^c,o,N,9",before,1
"o,M,9",1,no,no_triple,"o,M,a,n",after,1
"4,o,c,N,o,x",1,no,no_triple,"8,a,m",before,1
"4,o,c,N,o,x",1,no,no_triple,"4,o,c,N,c,o,x",after,1
"o,P2,cc,c,o,Z",1,no,no_triple,"c^c,c,c,9",before,1
"o,P2,cc,c,o,Z",1,no,no_triple,"o,P2,cc,c,o,x",after,1
"o,Z,a,n",1,no,no_triple,"8,a,m",before,1
"o,Z,a,n",1,no,no_triple,"o,x,8,a,m",after,1
"9,N,c,c,9",1,no,no_triple,"8,a,x,8,9",before,1
"9,N,c,c,9",1,no,no_triple,"o,8,a,x",after,1
"o,P2,cc,8,9",1,no,no_triple,"o,M,a,Z",before,1
"o,P2,cc,8,9",1,no,no_triple,"4,o,M,a,Z",after,1
"cc,c,N,a,m",1,no,no_triple,"o,8,9",before,1
"cc,c,N,a,m",1,no,no_triple,"cc,N,9",after,1
"o,N,c,o,8,9",1,no,no_triple,"o,Z,a,n",before,1
"o,N,c,o,8,9",1,no,no_triple,"8,a,n,2,a,x,9",after,1
"x,c^c,c,9",1,no,no_triple,"c^c,c,9",before,1
"x,c^c,c,9",1,no,no_triple,"4,o,a,Z",after,1
"x,cc,c,c,8,9",1,no,no_triple,"a,m,Z,o",before,1
"x,cc,c,c,8,9",1,no,no_triple,"4,o,2,a,m",after,1
"o,M,a,i,Z",1,no,no_triple,"o,M,a,m",before,1
"o,M,a,i,Z",1,no,no_triple,"o,N,c,c,8,9",after,1
"o,N,a,x",1,no,no_triple,"o,M,a,i,Z",before,1
"o,N,a,x",1,no,no_triple,"4,o,N,a,n",after,1
"x,N,a,m",1,no,no_triple,"o,N,c,c,9",before,1
"x,N,a,m",1,no,no_triple,"o,N,a,n",after,1
"o,M,c,c,9",1,no,no_triple,"4,o,N,o,x",before,1
"o,M,c,c,9",1,no,no_triple,"x,N,a,n",after,1
"4,o,N,c,9",1,no,no_triple,"o,N,c,o,M,c,c,9",before,1
"4,o,N,c,9",1,no,no_triple,"4,o,N,c,c,9",after,1
"x,N,c,8,9",1,no,no_triple,"4,o,N,c,c,9",before,1
"x,N,c,8,9",1,no,no_triple,"4,o,N,c,c,8,9",after,1
"o,N,c,c,8,9",1,no,no_triple,"4,o,N,c,c,8,9",before,1
"o,N,c,c,8,9",1,no,no_triple,"cc,c,8,a,x",after,1
"cc,a,x",1,no,no_triple,"cc,o,Z",before,1
"cc,a,x",1,no,no_triple,"cc,c,8,9",after,1
"x,cc,c,8,9",1,no,no_triple,"x,N,c,c,9",before,1
"x,cc,c,8,9",1,no,no_triple,"8,a,i,2",after,1
"x,N,c,c,8,9",1,no,no_triple,"8,c^c,c,9",before,1
"x,N,c,c,8,9",1,no,no_triple,"cc,c,c,8,9",after,1
"cc,c,N,c,c,9",1,no,no_triple,"4,o,N,a,n",before,1
"cc,c,N,c,c,9",1,no,no_triple,"x,cc,c,8,9",after,1
"o,M,c,c,8,9",1,no,no_triple,"cc,c,c,9",before,1
"o,M,c,c,8,9",1,no,no_triple,"o,M,a,m",after,1
"o,M,c,8,9",1,no,no_triple,"4,o,N,c,8,9",before,1
"o,M,c,8,9",1,no,no_triple,"x,o",after,1
"x,N,9",1,no,no_triple,"o,P2,cc,c,8,9",before,1
"x,N,9",1,no,no_triple,"c^c,M,9",after,1
"8,a,i,Z",1,no,no_triple,"N,o,x",before,1
"8,a,i,Z",1,no,no_triple,"cc,8,a,i,Z",after,1
"cc,c,8,a,n",1,no,no_triple,"cc,c,8,o,x",before,1
"cc,c,8,a,n",1,no,no_triple,"c^c,c,8,9",after,1
"o,P2,cc,c,8,9",1,no,no_triple,"4,o,M,a,m",before,1
"o,P2,cc,c,8,9",1,no,no_triple,"c^c,c,8,9",after,1
"4,o,N,cc,c,8,9",1,no,no_triple,"4,o,M,cc,c,8,9",before,1
"4,o,N,cc,c,8,9",1,no,no_triple,"cc,o,M,a,Z",after,1
"4,o,N,cc,c,9",1,no,no_triple,"4,o,N,c,9",before,1
"4,o,N,cc,c,9",1,no,no_triple,"Z,a,x",after,1
